split,method,K,seeds,within gain_vs_hull,gain vs subset_id,vs subset (large mx),vs subset (agentic),#mx>subset,headroom_captured,ECE,logcost_corr
S1,irt_ddm_substack,,1,+0.020,+0.019,-0.004,+0.028,16/22,+0.106,0.055,0.847
S1,irt_comp_substack,,3,+0.011 ±0.017,+0.013 ±0.013,-0.000 ±0.002,+0.018 ±0.018,15/22,+0.073 ±0.056,0.056,0.844
S1,irt_noncomp_substack,,3,+0.010 ±0.008,+0.012 ±0.010,+0.001 ±0.001,+0.016 ±0.013,17/22,+0.075 ±0.053,0.055,0.843
S1,irt_4pl_substack,,3,+0.009 ±0.018,+0.011 ±0.013,-0.001 ±0.003,+0.015 ±0.019,14/22,+0.053 ±0.094,0.055,0.842
S1,irt_dina_substack,,1,+0.011,+0.010,+0.002,+0.013,17/22,+0.073,0.054,0.843
S1,subset_id,,3,-0.002 ±0.006,+0.000 ±0.000,+0.000 ±0.000,+0.000 ±0.000,0/22,-0.014 ±0.039,0.048,0.829
S1,gbdt_feats,,3,-0.004 ±0.037,-0.001 ±0.030,-0.000 ±0.005,-0.002 ±0.041,14/22,-0.043 ±0.148,0.057,0.827
S1,ct_hash_con,,1,-0.020,-0.019,-0.018,-0.021,7/22,-0.180,0.078,0.772
S1,bench_id,,3,-0.024 ±0.014,-0.022 ±0.011,-0.041 ±0.002,-0.018 ±0.015,0/22,-0.170 ±0.068,0.053,0.775
S1,irt_4pl_sub,,1,-0.028,-0.028,-0.010,-0.036,8/22,-0.316,0.076,0.769
S1,irt_comp_sub,,3,-0.033 ±0.031,-0.030 ±0.027,-0.014 ±0.015,-0.037 ±0.040,10/22,-0.428 ±0.559,0.079,0.738
S1,irt_noncomp_sub,,1,-0.034,-0.033,-0.000,-0.046,9/22,-0.346,0.069,0.726
S1,irt_comp_e2e,,2,-0.067 ±0.057,-0.062 ±0.078,-0.001 ±0.003,-0.084 ±0.103,4/22,-0.673 ±1.546,0.136,0.656
S1,knn_embed,,3,-0.072 ±0.045,-0.067 ±0.046,-0.021 ±0.029,-0.086 ±0.072,5/22,-0.618 ±0.539,0.105,0.704
S1,irt_comp_noclust,,1,-0.069,-0.069,-0.038,-0.083,5/22,-0.537,0.145,0.636
S1,irt_comp,,3,-0.083 ±0.019,-0.078 ±0.024,-0.022 ±0.008,-0.099 ±0.033,6/22,-0.826 ±0.478,0.147,0.653
S1,single_best_per_lambda,,3,-0.120 ±0.023,-0.115 ±0.017,-0.108 ±0.010,-0.123 ±0.021,1/22,-0.893 ±0.370,0.131,0.595
S1cv,irt_comp_substack,,5,-0.001 ±0.003,+0.006 ±0.002,+0.003 ±0.001,+0.006 ±0.002,15/17,+0.009 ±0.013,0.038,0.801
S1cv,irt_effort_substack,,5,-0.001 ±0.003,+0.006 ±0.002,+0.003 ±0.001,+0.006 ±0.002,14/17,+0.009 ±0.016,0.038,0.800
S1cv,subset_id,,5,-0.007 ±0.002,+0.000 ±0.000,+0.000 ±0.000,+0.000 ±0.000,0/17,-0.023 ±0.010,0.038,0.798
S1cv,bench_id,,5,-0.015 ±0.001,-0.008 ±0.002,-0.013 ±0.003,-0.008 ±0.002,0/17,-0.089 ±0.004,0.048,0.749
S1cv,knn_embed,,5,-0.076 ±0.018,-0.070 ±0.017,-0.009 ±0.007,-0.073 ±0.019,3/17,-0.494 ±0.098,0.100,0.656
S1cv,single_best_per_lambda,,5,-0.095 ±0.003,-0.088 ±0.004,-0.030 ±0.001,-0.092 ±0.005,2/17,-0.578 ±0.014,0.148,0.527
S2,irt_comp_substack,,1,-0.193,+0.041,+0.028,+0.046,16/22,-1.235,0.235,0.374
S2,irt_comp_sub,,1,-0.194,+0.041,+0.035,+0.043,17/22,-1.276,0.310,0.373
S2,bench_id,,1,-0.236,+0.000,+0.000,+0.000,0/22,-1.538,0.203,0.324
S2,single_best_per_lambda,,1,-0.236,+0.000,+0.000,+0.000,0/22,-1.538,0.203,0.324
S2,subset_id,,1,-0.236,+0.000,+0.000,+0.000,0/22,-1.538,0.202,0.324
S2,knn_embed,,1,-0.256,-0.018,+0.022,-0.033,12/22,-1.738,0.222,0.267
S5,irt_effort_substack,,1,-0.029,+0.149,–,+0.149,9/11,-0.120,0.033,0.562
S5,bench_id,,1,-0.179,+0.000,–,+0.000,0/11,-0.728,0.022,0.694
S5,single_best_per_lambda,,1,-0.179,+0.000,–,+0.000,0/11,-0.728,0.022,0.694
S5,subset_id,,1,-0.179,+0.000,–,+0.000,0/11,-0.728,0.018,0.695
S5,knn_embed,,1,-0.202,-0.024,–,-0.024,0/11,-0.824,0.026,0.696
S3,subset_id,0,1,-0.073,+0.000,+0.000,+0.000,0/22,-0.510,0.068,0.592
S3,irt_comp_substack,0,1,-0.073,-0.000,-0.012,+0.002,14/22,-0.582,0.075,0.740
S3,bench_id,0,1,-0.085,-0.013,-0.039,-0.004,3/22,-0.591,0.071,0.548
S3,knn_embed,0,1,-0.124,-0.049,-0.015,-0.062,5/22,-0.890,0.091,0.503
S3,single_best_per_lambda,0,1,-0.159,-0.085,-0.090,-0.087,2/22,-1.152,0.129,0.442
S3,irt_comp_substack_rand,25,1,+0.017,+0.026,+0.022,+0.028,17/22,+0.086,0.061,0.843
S3,irt_comp_substack_cur,25,1,+0.012,+0.021,+0.017,+0.024,16/22,+0.069,0.064,0.843
S3,irt_comp_substack,25,1,-0.005,+0.004,-0.002,+0.005,13/22,+0.001,0.066,0.844
S3,irt_comp_substack_vopt,25,1,-0.007,+0.002,+0.009,-0.001,18/22,-0.057,0.064,0.843
S3,subset_id,25,1,-0.010,+0.000,+0.000,+0.000,0/22,-0.053,0.053,0.830
S3,bench_id,25,1,-0.025,-0.016,-0.016,-0.017,1/22,-0.171,0.056,0.779
S3,knn_embed,25,1,-0.070,-0.059,-0.018,-0.074,4/22,-0.505,0.079,0.688
S3,single_best_per_lambda,25,1,-0.117,-0.103,-0.058,-0.122,1/22,-0.777,0.125,0.585
S3,irt_comp_substack_cur,50,1,+0.021,+0.026,+0.010,+0.033,16/22,+0.110,0.064,0.842
S3,irt_comp_substack_rand,50,1,+0.021,+0.025,+0.009,+0.031,18/22,+0.106,0.061,0.842
S3,irt_comp_substack,50,1,+0.015,+0.019,-0.006,+0.027,15/22,+0.074,0.062,0.842
S3,irt_comp_substack_vopt,50,1,+0.008,+0.013,+0.005,+0.016,15/22,+0.024,0.062,0.841
S3,subset_id,50,1,-0.005,+0.000,+0.000,+0.000,0/22,-0.025,0.052,0.828
S3,bench_id,50,1,-0.023,-0.017,-0.019,-0.017,0/22,-0.156,0.054,0.777
S3,knn_embed,50,1,-0.064,-0.057,-0.012,-0.073,7/22,-0.465,0.079,0.704
S3,single_best_per_lambda,50,1,-0.116,-0.106,-0.063,-0.124,0/22,-0.770,0.125,0.586
S3,irt_comp_substack_rand,100,1,+0.022,+0.023,-0.001,+0.032,16/22,+0.114,0.060,0.842
S3,irt_comp_substack_cur,100,1,+0.021,+0.022,-0.004,+0.031,14/22,+0.102,0.064,0.841
S3,irt_comp_substack,100,1,+0.018,+0.019,-0.010,+0.029,15/22,+0.094,0.062,0.842
S3,irt_comp_substack_vopt,100,1,+0.010,+0.011,-0.011,+0.018,15/22,+0.038,0.061,0.842
S3,subset_id,100,1,-0.002,+0.000,+0.000,+0.000,0/22,-0.013,0.050,0.827
S3,bench_id,100,1,-0.021,-0.018,-0.026,-0.017,0/22,-0.151,0.053,0.776
S3,knn_embed,100,1,-0.065,-0.060,-0.015,-0.077,7/22,-0.458,0.079,0.709
S3,single_best_per_lambda,100,1,-0.116,-0.110,-0.079,-0.124,0/22,-0.771,0.127,0.587
