split,method,seeds,within AIQ,within gain_vs_hull,within gain vs subset_id,within headroom_captured (naive oracle),captured (noise-aware),#bench gain>0 (CI),pooled AIQ,pooled gain,pooled captured,ECE,Brier,cost MAPE,size MB,latency ms
S1,irt_comp_substack,3,0.667 ±0.024,+0.011 ±0.017,+0.014 ±0.013,+0.07 ±0.06,+0.19 ±0.11,7/21,0.714 ±0.005,+0.061 ±0.004,+0.26 ±0.01,0.056,0.144,2.84,8.4,815.1
S1,irt_dina_substack,1,0.654,+0.011,+0.011,+0.07,+0.21,0/21,0.714,+0.061,+0.26,0.054,0.143,2.22,8.5,815.1
S1,irt_noncomp_substack,3,0.666 ±0.034,+0.010 ±0.008,+0.013 ±0.010,+0.08 ±0.05,+0.22 ±0.06,6/21,0.714 ±0.005,+0.061 ±0.004,+0.26 ±0.02,0.055,0.143,2.92,8.5,815.1
S1,irt_4pl_substack,3,0.665 ±0.024,+0.009 ±0.018,+0.012 ±0.014,+0.05 ±0.09,+0.18 ±0.17,7/21,0.712 ±0.004,+0.060 ±0.004,+0.25 ±0.01,0.055,0.144,2.96,8.4,815.1
S1,nm_hier_prior,3,0.659 ±0.028,+0.004 ±0.016,+0.006 ±0.011,-0.02 ±0.09,-0.08 ±0.16,6/21,0.695 ±0.003,+0.042 ±0.004,+0.18 ±0.01,0.063,0.152,1.93,5.2,40.5
S1,nm_reference_delta,3,0.659 ±0.030,+0.003 ±0.011,+0.005 ±0.007,-0.01 ±0.08,-0.07 ±0.16,8/21,0.695 ±0.004,+0.042 ±0.002,+0.18 ±0.01,0.065,0.152,1.93,5.2,52.8
S1,gbdt_feats_small,3,0.654 ±0.045,-0.002 ±0.028,+0.000 ±0.023,-0.04 ±0.13,-0.10 ±0.44,4/21,0.716 ±0.008,+0.063 ±0.004,+0.27 ±0.02,0.057,0.149,2.87,3.7,21.5
S1,subset_id,3,0.653 ±0.038,-0.002 ±0.006,(reference),-0.01 ±0.04,-0.00 ±0.12,4/21,0.714 ±0.007,+0.061 ±0.005,+0.26 ±0.02,0.048,0.146,3.49,0.2,0.8
S1,gbdt_feats,3,0.652 ±0.048,-0.004 ±0.037,-0.001 ±0.032,-0.04 ±0.15,-0.11 ±0.50,5/21,0.716 ±0.009,+0.063 ±0.005,+0.27 ±0.02,0.057,0.148,2.84,12.5,9.6
S1,min_sufficient,3,0.640 ±0.045,-0.016 ±0.006,-0.014 ±0.007,-0.10 ±0.04,-0.32 ±0.21,1/21,0.660 ±0.018,+0.007 ±0.019,+0.03 ±0.08,0.207,0.217,2.92,13.0,17.9
S1,ct_hash_con,1,0.623,-0.020,-0.020,-0.18,-0.50,0/21,0.703,+0.050,+0.21,0.078,0.162,1.63,0.3,2.1
S1,ct_static_con,1,0.621,-0.022,-0.022,-0.16,-0.54,0/21,0.695,+0.042,+0.18,0.110,0.169,1.80,1.5,1.8
S1,bench_id,3,0.632 ±0.047,-0.024 ±0.014,-0.021 ±0.012,-0.17 ±0.07,-0.47 ±0.31,1/21,0.677 ±0.005,+0.024 ±0.001,+0.10 ±0.01,0.053,0.157,258.04,0.0,0.3
S1,ct_anchor_con,1,0.619,-0.025,-0.025,-0.22,-0.61,0/21,0.702,+0.050,+0.21,0.077,0.156,1.26,0.7,2.1
S1,ct_hash_nodistill,1,0.618,-0.026,-0.026,-0.18,-0.55,0/21,0.701,+0.048,+0.21,0.082,0.159,1.45,0.3,2.4
S1,irt_4pl_sub,1,0.615,-0.028,-0.029,-0.32,-0.69,0/21,0.696,+0.043,+0.18,0.076,0.150,892.64,8.4,815.1
S1,irt_comp_sub,3,0.623 ±0.013,-0.033 ±0.031,-0.031 ±0.029,-0.43 ±0.56,-0.72 ±0.28,4/21,0.692 ±0.019,+0.039 ±0.024,+0.16 ±0.10,0.079,0.150,719.33,8.4,815.1
S1,irt_noncomp_sub,1,0.609,-0.034,-0.035,-0.35,-0.70,0/21,0.711,+0.058,+0.25,0.069,0.146,5431.75,8.4,815.1
S1,ct_hash_nodistill_bce,1,0.603,-0.041,-0.041,-0.24,-0.66,0/21,0.707,+0.054,+0.23,0.099,0.165,1.08,0.3,1.8
S1,mlp_embed,3,0.597 ±0.013,-0.059 ±0.038,-0.056 ±0.033,-0.46 ±0.30,-1.26 ±0.60,4/21,0.712 ±0.007,+0.060 ±0.003,+0.25 ±0.01,0.121,0.172,2.38,94.3,84.3
S1,irt_comp_e2e,2,0.592 ±0.255,-0.067 ±0.057,-0.065 ±0.082,-0.67 ±1.55,-1.17 ±1.99,4/21,0.710 ±0.007,+0.058 ±0.019,+0.25 ±0.06,0.136,0.181,105986.19,5.0,815.1
S1,gbdt_feats_textonly,3,0.589 ±0.057,-0.067 ±0.034,-0.065 ±0.030,-0.50 ±0.34,-0.96 ±0.78,3/21,0.716 ±0.009,+0.063 ±0.005,+0.27 ±0.02,0.113,0.172,2.75,12.5,10.7
S1,irt_comp_noclust,1,0.574,-0.069,-0.070,-0.54,-1.67,0/21,0.656,+0.003,+0.01,0.145,0.181,52331.53,3.3,815.1
S1,knn_embed,3,0.584 ±0.062,-0.072 ±0.045,-0.069 ±0.050,-0.62 ±0.54,-1.29 ±0.92,2/21,0.697 ±0.030,+0.044 ±0.034,+0.19 ±0.15,0.105,0.170,267.71,298.4,225.2
S1,matrix_factorization,3,0.576 ±0.044,-0.080 ±0.007,-0.078 ±0.013,-0.58 ±0.12,-1.64 ±0.23,3/21,0.705 ±0.003,+0.052 ±0.005,+0.22 ±0.02,0.114,0.174,3.94,91.6,82.8
S1,irt_comp,3,0.573 ±0.050,-0.083 ±0.019,-0.080 ±0.025,-0.83 ±0.48,-1.83 ±0.40,4/21,0.684 ±0.015,+0.031 ±0.011,+0.13 ±0.05,0.147,0.186,112433.42,5.0,815.1
S1,single_best_per_lambda,3,0.536 ±0.041,-0.120 ±0.023,-0.117 ±0.017,-0.89 ±0.37,-2.21 ±0.28,0/21,0.634 ±0.004,-0.019 ±0.008,-0.08 ±0.04,0.131,0.193,333.04,0.0,0.2
S1,ORACLE,,0.831,+0.175,,,,,0.889,+0.236,,,,,,
S1,SINGLE-HULL,,0.656,+0.000,,,,,0.653,+0.000,,,,,,
S1,RANDOM,,0.157,-0.499,,,,,0.183,-0.470,,,,,,
S2,nm_hier_prior,1,0.469,-0.173,+0.063,-1.02,-3.13,0/21,0.480,-0.172,-0.72,0.183,0.219,24.43,5.1,51.0
S2,irt_comp_substack,1,0.449,-0.193,+0.042,-1.23,-4.67,0/21,0.460,-0.191,-0.80,0.235,0.252,363.13,8.3,815.1
S2,irt_comp_sub,1,0.448,-0.194,+0.041,-1.28,-4.63,0/21,0.464,-0.187,-0.79,0.310,0.300,593.18,8.3,815.1
S2,matrix_factorization,1,0.428,-0.214,+0.021,-1.42,-4.62,0/21,0.468,-0.183,-0.77,0.223,0.248,939.25,91.6,64.8
S2,bench_id,1,0.407,-0.236,+0.000,-1.54,-4.67,0/21,0.440,-0.212,-0.89,0.203,0.230,1001.84,0.0,0.4
S2,single_best_per_lambda,1,0.407,-0.236,+0.000,-1.54,-4.67,0/21,0.440,-0.212,-0.89,0.203,0.230,1001.84,0.0,0.2
S2,subset_id,1,0.407,-0.236,(reference),-1.54,-4.67,0/21,0.440,-0.212,-0.89,0.202,0.230,1001.84,0.2,0.8
S2,mlp_embed,1,0.393,-0.249,-0.014,-1.68,-5.52,0/21,0.466,-0.185,-0.78,0.236,0.258,896.31,94.2,120.1
S2,knn_embed,1,0.386,-0.256,-0.020,-1.74,-5.32,0/21,0.466,-0.185,-0.78,0.222,0.249,1039.85,356.4,345.0
S2,ORACLE,,0.836,+0.193,,,,,0.890,+0.238,,,,,,
S2,SINGLE-HULL,,0.642,+0.000,,,,,0.651,+0.000,,,,,,
S2,RANDOM,,0.162,-0.480,,,,,0.183,-0.468,,,,,,
S3_K0,nm_hier_prior,1,0.614,-0.029,+0.044,-0.26,-0.79,0/21,0.671,+0.018,+0.08,0.070,0.157,2.52,5.4,45.7
S3_K0,nm_phylo,1,0.614,-0.029,+0.044,-0.26,-0.77,0/21,0.673,+0.020,+0.09,0.072,0.156,2.52,5.4,45.5
S3_K0,nm_llp,1,0.613,-0.030,+0.043,-0.26,-0.81,0/21,0.672,+0.019,+0.08,0.071,0.158,2.52,5.4,56.0
S3_K0,nm_llp_rev,1,0.613,-0.030,+0.043,-0.26,-0.81,0/21,0.672,+0.019,+0.08,0.071,0.158,2.52,5.4,57.8
S3_K0,nm_reference_delta,1,0.599,-0.045,+0.028,-0.33,-1.19,0/21,0.673,+0.020,+0.09,0.071,0.157,2.52,5.4,61.9
S3_K0,unified_noagg,1,0.592,-0.052,+0.021,-0.34,-0.90,0/21,0.687,+0.035,+0.15,0.055,0.150,3.36,1.1,0.7
S3_K0,unified,1,0.591,-0.052,+0.021,-0.33,-0.91,0/21,0.687,+0.034,+0.15,0.056,0.151,3.37,1.1,0.6
S3_K0,unified_rev,1,0.591,-0.052,+0.021,-0.33,-0.91,0/21,0.687,+0.034,+0.15,0.055,0.151,3.37,1.1,0.6
S3_K0,subset_id,1,0.570,-0.073,(reference),-0.51,-1.49,0/21,0.688,+0.035,+0.15,0.068,0.158,165.18,0.2,0.8
S3_K0,irt_comp_substack,1,0.570,-0.073,-0.000,-0.58,-2.01,0/21,0.687,+0.034,+0.15,0.075,0.156,3.15,8.2,815.1
S3_K0,bench_id,1,0.559,-0.085,-0.012,-0.59,-1.84,0/21,0.654,+0.001,+0.00,0.071,0.166,364.46,0.0,0.4
S3_K0,matrix_factorization,1,0.521,-0.122,-0.049,-0.83,-2.57,0/21,0.677,+0.024,+0.10,0.112,0.178,166.37,91.6,138.2
S3_K0,knn_embed,1,0.519,-0.124,-0.051,-0.89,-2.26,0/21,0.676,+0.023,+0.10,0.091,0.167,397.35,240.6,265.4
S3_K0,mlp_embed,1,0.500,-0.143,-0.070,-1.03,-2.89,0/21,0.685,+0.033,+0.14,0.108,0.170,166.39,94.1,95.8
S3_K0,single_best_per_lambda,1,0.484,-0.159,-0.086,-1.15,-3.34,0/21,0.631,-0.022,-0.09,0.129,0.194,351.52,0.0,2.5
S3_K0,ORACLE,,0.833,+0.189,,,,,0.888,+0.235,,,,,,
S3_K0,SINGLE-HULL,,0.643,+0.000,,,,,0.653,+0.000,,,,,,
S3_K0,RANDOM,,0.153,-0.490,,,,,0.183,-0.470,,,,,,
S3_K25,irt_comp_substack_rand,1,0.660,+0.017,+0.026,+0.09,+0.16,0/21,0.686,+0.033,+0.14,0.061,0.145,2.12,8.2,815.1
S3_K25,irt_comp_substack_cur,1,0.655,+0.012,+0.021,+0.07,+0.16,0/21,0.682,+0.029,+0.12,0.064,0.148,2.11,8.2,815.1
S3_K25,nm_phylo,1,0.646,+0.003,+0.013,-0.02,-0.05,0/21,0.670,+0.017,+0.07,0.067,0.153,2.32,5.3,55.1
S3_K25,nm_llp_rev,1,0.646,+0.003,+0.012,-0.02,-0.06,0/21,0.681,+0.028,+0.12,0.066,0.154,2.32,5.3,51.6
S3_K25,nm_hier_prior,1,0.644,+0.000,+0.010,-0.03,-0.06,0/21,0.652,-0.001,-0.00,0.066,0.154,2.32,5.4,44.6
S3_K25,nm_reference_delta,1,0.643,-0.000,+0.009,-0.02,-0.05,0/21,0.652,-0.001,-0.00,0.068,0.153,2.32,5.4,47.2
S3_K25,irt_comp_substack,1,0.638,-0.005,+0.005,+0.00,-0.03,0/21,0.664,+0.012,+0.05,0.066,0.148,1.98,8.2,815.1
S3_K25,irt_comp_substack_vopt,1,0.636,-0.007,+0.002,-0.06,-0.45,0/21,0.668,+0.016,+0.07,0.064,0.148,2.05,8.2,815.1
S3_K25,subset_id,1,0.634,-0.010,(reference),-0.05,-0.22,0/21,0.666,+0.013,+0.06,0.053,0.148,2.64,0.2,0.8
S3_K25,bench_id,1,0.618,-0.025,-0.016,-0.17,-0.58,0/21,0.658,+0.005,+0.02,0.056,0.157,224.95,0.0,0.3
S3_K25,knn_embed,1,0.573,-0.070,-0.061,-0.50,-1.13,0/21,0.642,-0.010,-0.04,0.079,0.161,281.85,258.0,313.0
S3_K25,mlp_embed,1,0.556,-0.087,-0.078,-0.57,-1.86,0/21,0.687,+0.034,+0.15,0.102,0.165,2.44,94.3,120.1
S3_K25,matrix_factorization,1,0.550,-0.094,-0.084,-0.65,-1.94,0/21,0.695,+0.042,+0.18,0.098,0.169,3.41,91.6,93.9
S3_K25,single_best_per_lambda,1,0.526,-0.117,-0.107,-0.78,-2.20,0/21,0.653,+0.000,+0.00,0.125,0.190,225.98,0.0,0.2
S3_K25,ORACLE,,0.833,+0.189,,,,,0.888,+0.235,,,,,,
S3_K25,SINGLE-HULL,,0.643,+0.000,,,,,0.653,+0.000,,,,,,
S3_K25,RANDOM,,0.153,-0.490,,,,,0.183,-0.470,,,,,,
S3_K50,irt_comp_substack_cur,1,0.665,+0.021,+0.026,+0.11,+0.26,0/21,0.678,+0.025,+0.11,0.064,0.147,2.13,8.2,815.1
S3_K50,irt_comp_substack_rand,1,0.664,+0.021,+0.026,+0.11,+0.26,0/21,0.674,+0.021,+0.09,0.061,0.145,2.12,8.2,815.1
S3_K50,irt_comp_substack,1,0.658,+0.015,+0.020,+0.07,+0.06,0/21,0.664,+0.011,+0.05,0.062,0.147,2.07,8.2,815.1
S3_K50,irt_comp_substack_vopt,1,0.651,+0.008,+0.013,+0.02,-0.11,0/21,0.667,+0.015,+0.06,0.062,0.147,2.09,8.2,815.1
S3_K50,nm_phylo,1,0.647,+0.004,+0.009,-0.02,-0.10,0/21,0.685,+0.032,+0.14,0.065,0.153,2.00,5.3,33.2
S3_K50,nm_hier_prior,1,0.646,+0.003,+0.008,-0.02,-0.11,0/21,0.680,+0.027,+0.12,0.066,0.153,2.00,5.3,34.9
S3_K50,nm_reference_delta,1,0.645,+0.002,+0.007,-0.02,-0.10,0/21,0.679,+0.026,+0.11,0.068,0.153,2.00,5.3,45.6
S3_K50,nm_llp_rev,1,0.642,-0.001,+0.004,-0.04,-0.18,0/21,0.679,+0.026,+0.11,0.064,0.153,2.00,5.3,41.6
S3_K50,subset_id,1,0.638,-0.005,(reference),-0.03,-0.09,0/21,0.664,+0.011,+0.05,0.052,0.147,2.86,0.2,0.8
S3_K50,bench_id,1,0.621,-0.023,-0.017,-0.16,-0.51,0/21,0.662,+0.009,+0.04,0.054,0.157,219.82,0.0,0.3
S3_K50,knn_embed,1,0.579,-0.064,-0.059,-0.47,-0.98,0/21,0.648,-0.005,-0.02,0.079,0.159,282.65,258.0,321.4
S3_K50,mlp_embed,1,0.567,-0.076,-0.071,-0.50,-1.56,0/21,0.680,+0.027,+0.11,0.096,0.164,2.31,94.3,87.3
S3_K50,matrix_factorization,1,0.545,-0.098,-0.093,-0.68,-1.99,0/21,0.676,+0.023,+0.10,0.096,0.169,3.40,91.6,76.8
S3_K50,single_best_per_lambda,1,0.528,-0.116,-0.111,-0.77,-2.15,0/21,0.653,+0.000,+0.00,0.125,0.190,227.10,0.0,0.2
S3_K50,ORACLE,,0.833,+0.189,,,,,0.888,+0.235,,,,,,
S3_K50,SINGLE-HULL,,0.643,+0.000,,,,,0.653,+0.000,,,,,,
S3_K50,RANDOM,,0.153,-0.490,,,,,0.183,-0.470,,,,,,
S3_K100,irt_comp_substack_rand,1,0.665,+0.022,+0.025,+0.11,+0.28,0/21,0.684,+0.031,+0.13,0.060,0.145,2.11,8.2,815.1
S3_K100,irt_comp_substack_cur,1,0.664,+0.021,+0.023,+0.10,+0.24,0/21,0.678,+0.026,+0.11,0.064,0.147,2.12,8.2,815.1
S3_K100,irt_comp_substack,1,0.662,+0.018,+0.021,+0.09,+0.15,0/21,0.676,+0.023,+0.10,0.062,0.146,2.08,8.2,815.1
S3_K100,irt_comp_substack_vopt,1,0.653,+0.010,+0.012,+0.04,-0.11,0/21,0.667,+0.015,+0.06,0.061,0.146,2.08,8.2,815.1
S3_K100,nm_hier_prior,1,0.648,+0.005,+0.007,-0.01,-0.07,0/21,0.693,+0.040,+0.17,0.066,0.153,1.95,5.3,38.2
S3_K100,nm_phylo,1,0.648,+0.004,+0.007,-0.02,-0.09,0/21,0.686,+0.033,+0.14,0.066,0.153,1.95,5.3,38.1
S3_K100,nm_llp_rev,1,0.648,+0.004,+0.007,-0.01,-0.07,0/21,0.693,+0.040,+0.17,0.063,0.153,1.95,5.3,36.3
S3_K100,nm_reference_delta,1,0.643,+0.000,+0.003,-0.02,-0.11,0/21,0.691,+0.038,+0.16,0.068,0.153,1.95,5.3,40.1
S3_K100,subset_id,1,0.641,-0.002,(reference),-0.01,-0.05,0/21,0.684,+0.031,+0.13,0.050,0.147,2.97,0.2,0.8
S3_K100,bench_id,1,0.622,-0.021,-0.019,-0.15,-0.49,0/21,0.676,+0.023,+0.10,0.053,0.157,222.96,0.0,0.3
S3_K100,mlp_embed,1,0.586,-0.057,-0.054,-0.37,-1.11,0/21,0.701,+0.048,+0.21,0.096,0.163,2.31,94.3,167.8
S3_K100,knn_embed,1,0.579,-0.065,-0.062,-0.46,-0.99,0/21,0.669,+0.016,+0.07,0.079,0.159,276.28,258.0,454.7
S3_K100,matrix_factorization,1,0.553,-0.090,-0.088,-0.63,-1.84,0/21,0.690,+0.037,+0.16,0.100,0.169,3.38,91.6,248.0
S3_K100,single_best_per_lambda,1,0.527,-0.116,-0.114,-0.77,-2.16,0/21,0.648,-0.004,-0.02,0.127,0.190,220.78,0.0,0.2
S3_K100,ORACLE,,0.833,+0.189,,,,,0.888,+0.235,,,,,,
S3_K100,SINGLE-HULL,,0.643,+0.000,,,,,0.653,+0.000,,,,,,
S3_K100,RANDOM,,0.153,-0.490,,,,,0.183,-0.470,,,,,,
S1cv,irt_comp_substack,4,0.623 ±0.004,-0.001 ±0.004,+0.006 ±0.003,+0.01 ±0.02,+0.02 ±0.03,4/17,–,–,–,0.038,0.146,4.38,8.4,815.1
S1cv,nm_reference_delta,5,0.623 ±0.002,-0.001 ±0.002,+0.006 ±0.002,-0.01 ±0.01,-0.03 ±0.03,4/17,–,–,–,0.052,0.151,2.24,3.2,7.0
S1cv,nm_llp,5,0.621 ±0.004,-0.003 ±0.004,+0.004 ±0.003,-0.02 ±0.02,-0.08 ±0.07,4/17,–,–,–,0.051,0.151,2.24,3.2,4.1
S1cv,nm_phylo,5,0.621 ±0.004,-0.003 ±0.004,+0.004 ±0.003,-0.02 ±0.02,-0.08 ±0.07,4/17,–,–,–,0.051,0.151,2.24,3.2,3.9
S1cv,nm_probe_blind,5,0.621 ±0.004,-0.003 ±0.004,+0.004 ±0.003,-0.02 ±0.02,-0.07 ±0.06,3/17,–,–,–,0.050,0.151,2.24,3.2,4.1
S1cv,nm_hier_prior,5,0.621 ±0.004,-0.003 ±0.004,+0.004 ±0.003,-0.02 ±0.02,-0.08 ±0.06,3/17,–,–,–,0.052,0.151,2.24,3.2,3.7
S1cv,nm_probe,5,0.619 ±0.003,-0.005 ±0.003,+0.002 ±0.002,-0.03 ±0.02,-0.15 ±0.04,3/17,–,–,–,0.050,0.150,2.24,3.2,4.1
S1cv,unified,5,0.617 ±0.003,-0.006 ±0.003,+0.000 ±0.003,-0.03 ±0.01,-0.07 ±0.03,1/17,–,–,–,0.040,0.149,22.24,0.1,0.7
S1cv,subset_id,5,0.617 ±0.002,-0.007 ±0.002,(reference),-0.02 ±0.01,-0.07 ±0.03,3/17,–,–,–,0.038,0.148,4.50,0.2,0.7
S1cv,bench_id,5,0.609 ±0.001,-0.015 ±0.001,-0.008 ±0.002,-0.09 ±0.00,-0.23 ±0.02,1/17,–,–,–,0.048,0.157,319.88,0.0,0.3
S1cv,matrix_factorization,5,0.552 ±0.003,-0.072 ±0.003,-0.065 ±0.003,-0.45 ±0.03,-1.48 ±0.08,0/17,–,–,–,0.121,0.181,7.46,91.6,136.1
S1cv,knn_embed,5,0.548 ±0.018,-0.076 ±0.018,-0.070 ±0.017,-0.49 ±0.10,-1.33 ±0.32,0/17,–,–,–,0.100,0.171,213.46,383.5,220.4
S1cv,mlp_embed,5,0.547 ±0.012,-0.077 ±0.012,-0.070 ±0.013,-0.51 ±0.11,-1.61 ±0.28,0/17,–,–,–,0.121,0.178,5.78,94.1,239.7
S1cv,single_best_per_lambda,5,0.529 ±0.003,-0.095 ±0.003,-0.088 ±0.004,-0.58 ±0.01,-1.56 ±0.03,0/17,–,–,–,0.148,0.197,318.78,0.0,0.2
S1cv,ORACLE,,0.816,+0.192,,,,,–,–,,,,,,
S1cv,SINGLE-HULL,,0.624,+0.000,,,,,–,–,,,,,,
S1cv,RANDOM,,0.152,-0.472,,,,,–,–,,,,,,
S5,nm_phylo,1,0.638,-0.020,+0.159,-0.08,–,0/11,–,–,–,0.050,0.126,0.55,3.0,5.3
S5,nm_hier_prior,1,0.637,-0.020,+0.158,-0.08,–,0/11,–,–,–,0.045,0.123,0.55,3.0,5.3
S5,nm_llp,1,0.637,-0.021,+0.158,-0.09,–,0/11,–,–,–,0.046,0.122,0.55,3.0,6.6
S5,nm_llp_rev,1,0.637,-0.021,+0.158,-0.09,–,0/11,–,–,–,0.046,0.122,0.55,3.0,5.6
S5,bench_id,1,0.479,-0.179,+0.000,-0.73,–,0/11,–,–,–,0.022,0.122,0.59,0.0,0.3
S5,single_best_per_lambda,1,0.479,-0.179,+0.000,-0.73,–,0/11,–,–,–,0.022,0.122,0.59,0.0,8.3
S5,subset_id,1,0.479,-0.179,(reference),-0.73,–,0/11,–,–,–,0.018,0.121,0.59,0.2,0.8
S5,mlp_embed,1,0.477,-0.180,-0.002,-0.74,–,0/11,–,–,–,0.020,0.121,0.64,93.7,428.1
S5,matrix_factorization,1,0.474,-0.184,-0.005,-0.75,–,0/11,–,–,–,0.019,0.121,0.62,91.6,236.9
S5,knn_embed,1,0.455,-0.202,-0.024,-0.82,–,0/11,–,–,–,0.026,0.124,0.59,376.1,307.6
S5,ORACLE,,0.903,+0.245,,,,,–,–,,,,,,
S5,SINGLE-HULL,,0.657,+0.000,,,,,–,–,,,,,,
S5,RANDOM,,0.140,-0.517,,,,,–,–,,,,,,
