matrix,n,diff,lo,hi,gain_hull,gh_lo,gh_hi
deepswe,23,0.0,0.0,0.009,-0.0408,-0.107,-0.01
hal_corebench_hard,9,0.0,0.0,0.0,-0.0044,-0.077,0.0
hal_gaia,28,0.0,0.0,0.0,-0.0173,-0.081,-0.001
hal_scienceagentbench,19,0.0,0.0,0.008,-0.0327,-0.094,-0.004
hal_taubench_airline,9,0.0109,-0.01,0.042,-0.0285,-0.115,-0.003
helm_capabilities,757,-0.0063,-0.013,0.001,0.0272,0.019,0.036
livecodebench,182,-0.0015,-0.015,0.012,-0.0009,-0.013,0.009
metr_time_horizon_1_0,28,-0.0132,-0.045,-0.0,-0.0094,-0.044,0.012
metr_time_horizon_1_1,14,0.004,-0.021,0.047,-0.0309,-0.116,0.039
openhands_gaia,21,-0.0059,-0.034,0.028,-0.0263,-0.109,-0.005
openhands_swe_bench,91,0.018,0.007,0.028,-0.0069,-0.024,0.0
openhands_swe_bench_multimodal,7,-0.0331,-0.077,0.016,-0.0478,-0.154,-0.01
openhands_swt_bench,66,0.0,0.0,0.0,-0.0008,-0.024,0.0
routerbench_0shot,7355,-0.0019,-0.003,-0.0,0.0625,0.059,0.067
routerbench_5shot,7355,-0.0009,-0.002,0.0,0.0338,0.03,0.038
sprout,8851,-0.0038,-0.005,-0.002,0.0295,0.025,0.032
swebench_multilingual,55,0.0013,0.0,0.014,-0.006,-0.047,0.0
swebench_verified,92,-0.007,-0.018,0.004,-0.0149,-0.044,-0.002
tau2,53,-0.0001,-0.003,0.004,0.0286,0.004,0.048
terminalbench1,8,0.0,0.0,0.0,0.0,-0.011,0.0
terminalbench2,18,-0.0004,-0.005,0.0,-0.0053,-0.036,0.0
