rep,fold,tau,omega,w,omega_b,fit_s
0,0,1.666642287993587,1.4559926426684666,0.03324899061550382,0.1914883041169852,446.0647234916687
0,1,1.6214003822926741,1.4760409750418881,0.03167155835278705,0.1938853097256599,460.65550088882446
0,2,1.5501085632780112,1.5157097271242808,0.019365033332401492,0.2151390338163195,427.25909638404846
0,3,1.7254697879346566,1.5152313764925143,0.02541748342525857,0.16721893224745354,457.629355430603
0,4,1.580045442128688,1.5035560071397067,-0.0010060562018528187,0.20815338868785727,465.52226161956787
1,0,1.5883132404467,1.5073063210028825,0.01180452036439644,0.17896986627467862,449.751168012619
1,1,1.613839371835162,1.4814490581733555,0.007591522657718163,0.22472980765449485,448.8447570800781
1,2,1.6933055985992012,1.5216133299490207,0.03691964326983572,0.22659362332087354,423.753458738327
1,3,1.6105247019620328,1.4581990599388288,0.017016536643178554,0.21892115890581307,422.2388780117035
1,4,1.874076375374817,1.4973762234164985,0.03837699645418229,0.18335861025503492,434.6529281139374
2,0,1.6257691230296827,1.5295699788561303,0.020248765379128234,0.20528723599954007,416.43746423721313
2,1,1.6494812434597128,1.5730060424078793,0.023720382117589648,0.16754291069507465,446.5124831199646
2,2,1.6413943761105794,1.482521661624107,0.017842706089256574,0.22428900556996387,467.4979341030121
2,3,1.6241708369617731,1.4454531632956564,0.011976299648692764,0.19585994820944883,460.0225729942322
2,4,1.572914536928435,1.4777118833271348,0.027410203849423852,0.24823389946036525,457.08437156677246
