r,policy,aiq,gain,ci,n_folds,single_hull,cost_to_best,max_q,best_single_q,best_single_cost
1.0,u_single,0.6478611464638043,-0.03815196608231877,0.013611515886441968,15,0.6596069802429407,,0.7298418972332017,0.7449933290481567,4.430572032928467
1.0,u_dp3,0.8167880882880396,0.12865517056171136,0.01805936018785328,15,0.6596069802429407,0.163507373306606,0.8809178743961353,0.7449933290481567,4.430572032928467
1.0,u_dp3_noom,0.8014784327743001,0.12782482071005727,0.018746068062667043,15,0.6596069802429407,0.16522952974365476,0.863076416337286,0.7449933290481567,4.430572032928467
1.0,u_single_emp,0.6561159252673306,-0.03042209043608308,0.012946344096465789,15,0.6596069802429407,,0.7350351339481773,0.7449933290481567,4.430572032928467
1.0,u_dp3_emp,0.8277648676187852,0.13618768664828806,0.016612364988935084,15,0.6596069802429407,0.17412647513285553,0.8999999999999999,0.7449933290481567,4.430572032928467
1.0,u_dp3_raw,0.8311656104580838,0.13868139749910374,0.01685257226656235,15,0.6596069802429407,0.1754770941846009,0.9050505050505051,0.7449933290481567,4.430572032928467
1.0,u_dp3_emp_indep,0.8258614651402832,0.14141141197437163,0.017598758405595265,15,0.6596069802429407,0.1662061240640711,0.9007795344751865,0.7449933290481567,4.430572032928467
1.0,u_pidx,0.8656344747256774,0.1729624455175069,0.021378139756552898,15,0.6596069802429407,0.1758915004448284,0.9444664031620553,0.7449933290481567,4.430572032928467
1.0,u_pidx_emp,0.8642468104123269,0.1724350384852592,0.02156742757387714,15,0.6596069802429407,0.1771443039369923,0.9434563021519543,0.7449933290481567,4.430572032928467
1.0,u_pidx_emp_indep,0.8636493091734797,0.17184001629771045,0.0221703741014138,15,0.6596069802429407,0.17940768610919927,0.9424681598594642,0.7449933290481567,4.430572032928467
1.0,dec_single_joint,0.6545601967399279,-0.02968381247879013,0.012645416220896977,15,0.6596069802429407,,0.731488823890686,0.7449933290481567,4.430572032928467
1.0,dec_escalate_joint,0.743975059141741,0.05410894682129111,0.017664774264290743,15,0.6596069802429407,0.21105513115984553,0.8932915329933167,0.7449933290481567,4.430572032928467
1.0,dec_mixed_joint,0.8173084075720353,0.1345042690879633,0.016641219593188976,15,0.6596069802429407,0.1635073331852037,0.883640706539154,0.7449933290481567,4.430572032928467
1.0,dec_pandora,0.8684027862985501,0.17145570894079099,0.022950000093178186,15,0.6596069802429407,0.18272667917296115,0.9739789207776387,0.7449933290481567,4.430572032928467
1.0,dec_revcat,0.8690346222553467,0.17238057993116568,0.02245108934212858,15,0.6596069802429407,0.18017450069054478,0.9739789207776387,0.7449933290481567,4.430572032928467
0.95,u_single,0.6478611464638043,-0.03815196608231877,0.013611515886441968,15,0.6596069802429407,,0.7298418972332017,0.7449933290481567,4.430572032928467
0.95,u_dp3,0.795146300937291,0.10734425231079087,0.017046283935394813,15,0.6596069802429407,0.17240644675092515,0.8580339605292052,0.7449933290481567,4.430572032928467
0.95,u_dp3_noom,0.7819876106658391,0.1093609242810707,0.018069092186347772,15,0.6596069802429407,0.17248742342768514,0.8420158377250769,0.7449933290481567,4.430572032928467
0.95,u_single_emp,0.6561159252673306,-0.03042209043608308,0.012946344096465789,15,0.6596069802429407,,0.7350351339481773,0.7449933290481567,4.430572032928467
0.95,u_dp3_emp,0.8050935306162446,0.11469800440451759,0.015276458778980965,15,0.6596069802429407,0.18669257494992225,0.8750692797540623,0.7449933290481567,4.430572032928467
0.95,u_dp3_raw,0.8080691657764592,0.11692926832437621,0.015521194466475121,15,0.6596069802429407,0.18868636142539436,0.8796399868247694,0.7449933290481567,4.430572032928467
0.95,u_dp3_emp_indep,0.804413056765507,0.12078688024460747,0.016746367664223265,15,0.6596069802429407,0.17248742342768514,0.8759648660518226,0.7449933290481567,4.430572032928467
0.95,u_pidx,0.8429220159177916,0.15239884236095164,0.02078435990291513,15,0.6596069802429407,0.18892080523136268,0.9228018562439957,0.7449933290481567,4.430572032928467
0.95,u_pidx_emp,0.8482531650791181,0.15556317841272765,0.020147305291902628,15,0.6596069802429407,0.1906759774622347,0.9364719521258784,0.7449933290481567,4.430572032928467
0.95,u_pidx_emp_indep,0.8406568038719245,0.15009581278318837,0.020473831452084954,15,0.6596069802429407,0.19414479137887702,0.9184512105617999,0.7449933290481567,4.430572032928467
0.95,dec_single_joint,0.6545601967399279,-0.02968381247879013,0.012645416220896977,15,0.6596069802429407,,0.731488823890686,0.7449933290481567,4.430572032928467
0.95,dec_escalate_joint,0.7285864948206694,0.03690902483787513,0.01594311981177402,15,0.6596069802429407,0.2175279894005115,0.8732882142066956,0.7449933290481567,4.430572032928467
0.95,dec_mixed_joint,0.7991948264053637,0.11349837369299771,0.015166356320157875,15,0.6596069802429407,0.17191951220702098,0.8662900924682617,0.7449933290481567,4.430572032928467
0.95,dec_pandora,0.8249214082863616,0.1290850229115296,0.02024126268826276,15,0.6596069802429407,0.20589088265042357,0.9229084372520446,0.7449933290481567,4.430572032928467
0.95,dec_revcat,0.8061667382464672,0.11027543110749179,0.019899024200703063,15,0.6596069802429407,0.20762268691739602,0.9013834039370219,0.7449933290481567,4.430572032928467
0.9,u_single,0.6478611464638043,-0.03815196608231877,0.013611515886441968,15,0.6596069802429407,,0.7298418972332017,0.7449933290481567,4.430572032928467
0.9,u_dp3,0.771839220277133,0.08401060217164527,0.015376220701042019,15,0.6596069802429407,0.19803725486625995,0.8333704984628897,0.7449933290481567,4.430572032928467
0.9,u_dp3_noom,0.76122019812718,0.08938740068963608,0.016654587768678078,15,0.6596069802429407,0.2061565799083809,0.8188919631093545,0.7449933290481567,4.430572032928467
0.9,u_single_emp,0.6561159252673306,-0.03042209043608308,0.012946344096465789,15,0.6596069802429407,,0.7350351339481773,0.7449933290481567,4.430572032928467
0.9,u_dp3_emp,0.7838575609577074,0.09473266896114207,0.015061000227857333,15,0.6596069802429407,0.1995174827598367,0.8541293917435221,0.7449933290481567,4.430572032928467
0.9,u_dp3_raw,0.7853431494091819,0.09649600297909493,0.014759636090800115,15,0.6596069802429407,0.20257815028759069,0.8542341238471672,0.7449933290481567,4.430572032928467
0.9,u_dp3_emp_indep,0.7801728075366359,0.09958283087392149,0.016087550261885835,15,0.6596069802429407,0.19490643471783084,0.8473764822134388,0.7449933290481567,4.430572032928467
0.9,u_pidx,0.8144133364323298,0.12563283400389819,0.018998894173813043,15,0.6596069802429407,0.2060232725572927,0.8917645537439614,0.7449933290481567,4.430572032928467
0.9,u_pidx_emp,0.8241009582551132,0.1315211952206548,0.018461304366221284,15,0.6596069802429407,0.2061597844057433,0.9161707927646024,0.7449933290481567,4.430572032928467
0.9,u_pidx_emp_indep,0.812035159260638,0.12462139169896105,0.01807268611292525,15,0.6596069802429407,0.20656123268482565,0.884763503974528,0.7449933290481567,4.430572032928467
0.9,dec_single_joint,0.6545601967399279,-0.02968381247879013,0.012645416220896977,15,0.6596069802429407,,0.731488823890686,0.7449933290481567,4.430572032928467
0.9,dec_escalate_joint,0.7111466862729188,0.019299772068324703,0.014281696743224088,15,0.6596069802429407,0.24019916686491763,0.850788950920105,0.7449933290481567,4.430572032928467
0.9,dec_mixed_joint,0.7800485486306382,0.09297174264010029,0.013775702456380412,15,0.6596069802429407,0.21072359827034826,0.8500359654426575,0.7449933290481567,4.430572032928467
0.9,dec_pandora,0.79397455916224,0.09822620197739108,0.01799713573537058,15,0.6596069802429407,0.2183586331359252,0.8863965804378192,0.7449933290481567,4.430572032928467
0.9,dec_revcat,0.7757582646545138,0.08019939896241374,0.016511768821475818,15,0.6596069802429407,0.22347752392997117,0.8680500706036886,0.7449933290481567,4.430572032928467
0.85,u_single,0.6478611464638043,-0.03815196608231877,0.013611515886441968,15,0.6596069802429407,,0.7298418972332017,0.7449933290481567,4.430572032928467
0.85,u_dp3,0.7487900353590419,0.06730208455327268,0.01398696833013307,15,0.6596069802429407,0.24397534135515048,0.8058700387022397,0.7449933290481567,4.430572032928467
0.85,u_dp3_noom,0.7411437469574135,0.07120366811778071,0.016320359055939104,15,0.6596069802429407,0.26687578086712044,0.7963453282828283,0.7449933290481567,4.430572032928467
0.85,u_single_emp,0.6561159252673306,-0.03042209043608308,0.012946344096465789,15,0.6596069802429407,,0.7350351339481773,0.7449933290481567,4.430572032928467
0.85,u_dp3_emp,0.7647669624560133,0.07650789941405876,0.014648987107123656,15,0.6596069802429407,0.23590292288440484,0.8363579696420727,0.7449933290481567,4.430572032928467
0.85,u_dp3_raw,0.7640359078284338,0.07505929346284251,0.014121986402169386,15,0.6596069802429407,0.23469395176564833,0.8372763092885374,0.7449933290481567,4.430572032928467
0.85,u_dp3_emp_indep,0.7582848554071073,0.08087530026008312,0.015051423574977817,15,0.6596069802429407,0.2461949728308921,0.8222001262626263,0.7449933290481567,4.430572032928467
0.85,u_pidx,0.7884351714144009,0.10040279642859806,0.01697047640507978,15,0.6596069802429407,0.22703265019988794,0.8649701668119717,0.7449933290481567,4.430572032928467
0.85,u_pidx_emp,0.7987398605525474,0.10654821291502131,0.016624036745366964,15,0.6596069802429407,0.22396869739859807,0.8921734818159517,0.7449933290481567,4.430572032928467
0.85,u_pidx_emp_indep,0.7831529665177377,0.10037401948947368,0.01618405974658268,15,0.6596069802429407,0.2296117350043606,0.851275874392361,0.7449933290481567,4.430572032928467
0.85,dec_single_joint,0.6545601967399279,-0.02968381247879013,0.012645416220896977,15,0.6596069802429407,,0.731488823890686,0.7449933290481567,4.430572032928467
0.85,dec_escalate_joint,0.6926607539719476,0.0022285296125569435,0.013206583825831484,15,0.6596069802429407,0.26957482971704017,0.8259997963905334,0.7449933290481567,4.430572032928467
0.85,dec_mixed_joint,0.7624549579552194,0.07341691226216965,0.013336047772134206,15,0.6596069802429407,0.2733182388293102,0.8358157277107239,0.7449933290481567,4.430572032928467
0.85,dec_pandora,0.7438769099422687,0.04714285295271705,0.013130152319988682,15,0.6596069802429407,0.24134458621467647,0.8310935442646344,0.7449933290481567,4.430572032928467
0.85,dec_revcat,0.7473934811453951,0.05135856271972486,0.016555021569931085,15,0.6596069802429407,0.23795162474091563,0.8330039545893669,0.7449933290481567,4.430572032928467
0.8,u_single,0.6478611464638043,-0.03815196608231877,0.013611515886441968,15,0.6596069802429407,,0.7298418972332017,0.7449933290481567,4.430572032928467
0.8,u_dp3,0.7283288042440025,0.04835046728245724,0.014819603382507235,15,0.6596069802429407,0.33624855829710276,0.7850416337285905,0.7449933290481567,4.430572032928467
0.8,u_dp3_noom,0.725943932196179,0.054228861408039224,0.014460083402962079,15,0.6596069802429407,0.34407232747173433,0.7821799736495388,0.7449933290481567,4.430572032928467
0.8,u_single_emp,0.6561159252673306,-0.03042209043608308,0.012946344096465789,15,0.6596069802429407,,0.7350351339481773,0.7449933290481567,4.430572032928467
0.8,u_dp3_emp,0.7447153419892332,0.05621858877151327,0.013018274013792935,15,0.6596069802429407,0.3437798616647574,0.817506543697848,0.7449933290481567,4.430572032928467
0.8,u_dp3_raw,0.745320503284972,0.056047489594227784,0.012444067834355874,15,0.6596069802429407,0.3308791768795011,0.8198191480017567,0.7449933290481567,4.430572032928467
0.8,u_dp3_emp_indep,0.7386569935652553,0.06246327831161488,0.013957835563883357,15,0.6596069802429407,0.3358632437259313,0.8040048309178744,0.7449933290481567,4.430572032928467
0.8,u_pidx,0.7616529115549442,0.07482834599407456,0.015078864167714687,15,0.6596069802429407,0.26375540690332655,0.838192343610013,0.7449933290481567,4.430572032928467
0.8,u_pidx_emp,0.7732248141303644,0.08131289613733239,0.014839963073200652,15,0.6596069802429407,0.2588101041587373,0.8673737598594644,0.7449933290481567,4.430572032928467
0.8,u_pidx_emp_indep,0.7601057993416785,0.07746920240200535,0.01484221815980242,15,0.6596069802429407,0.2575318953208823,0.8326398355731224,0.7449933290481567,4.430572032928467
0.8,dec_single_joint,0.6545601967399279,-0.02968381247879013,0.012645416220896977,15,0.6596069802429407,,0.731488823890686,0.7449933290481567,4.430572032928467
0.8,dec_escalate_joint,0.675470649054937,-0.01367539843210089,0.012174314686627722,15,0.6596069802429407,0.3640055854123011,0.8066965341567993,0.7449933290481567,4.430572032928467
0.8,dec_mixed_joint,0.7425428605338665,0.05503992861142761,0.01217836989899911,15,0.6596069802429407,0.34897744144144094,0.8154308795928955,0.7449933290481567,4.430572032928467
0.8,dec_pandora,0.7130591966261413,0.016194970437731437,0.01233013529734498,15,0.6596069802429407,0.2845342498082209,0.7977108026544253,0.7449933290481567,4.430572032928467
0.8,dec_revcat,0.7169793848667588,0.021175690252745957,0.014449779113374387,15,0.6596069802429407,0.2712581238340797,0.7977108031511306,0.7449933290481567,4.430572032928467
0.7,u_single,0.6478611464638043,-0.03815196608231877,0.013611515886441968,15,0.6596069802429407,,0.7298418972332017,0.7449933290481567,4.430572032928467
0.7,u_dp3,0.6931137410484904,0.011257288513243131,0.012958182085238136,15,0.6596069802429407,2.5321314438548606,0.759028107158542,0.7449933290481567,4.430572032928467
0.7,u_dp3_noom,0.6978091781194328,0.020971744325463004,0.012920449473051593,15,0.6596069802429407,2.0388818418145616,0.770539218269653,0.7449933290481567,4.430572032928467
0.7,u_single_emp,0.6561159252673306,-0.03042209043608308,0.012946344096465789,15,0.6596069802429407,,0.7350351339481773,0.7449933290481567,4.430572032928467
0.7,u_dp3_emp,0.7060073684381271,0.021472982407470375,0.009731547438399246,15,0.6596069802429407,0.9410810001341029,0.7800493302591128,0.7449933290481567,4.430572032928467
0.7,u_dp3_raw,0.7060293247634786,0.01921938262301998,0.010289173503192283,15,0.6596069802429407,0.894676891693288,0.7798719696969698,0.7449933290481567,4.430572032928467
0.7,u_dp3_emp_indep,0.7060872650120552,0.025035283994509865,0.012812278446918715,15,0.6596069802429407,0.9790919890813958,0.7802602108036889,0.7449933290481567,4.430572032928467
0.7,u_pidx,0.713643437347252,0.027177978459887415,0.01258194674280608,15,0.6596069802429407,0.5689532282448696,0.7965063818950374,0.7449933290481567,4.430572032928467
0.7,u_pidx_emp,0.7210888751129352,0.03153880539434189,0.011722173765478463,15,0.6596069802429407,0.5888847679740968,0.8129103352766798,0.7449933290481567,4.430572032928467
0.7,u_pidx_emp_indep,0.7166925637321953,0.03102597675436439,0.012846038309450919,15,0.6596069802429407,0.49457099801866367,0.7947132494290734,0.7449933290481567,4.430572032928467
0.7,dec_single_joint,0.6545601967399279,-0.02968381247879013,0.012645416220896977,15,0.6596069802429407,,0.731488823890686,0.7449933290481567,4.430572032928467
0.7,dec_escalate_joint,0.6437016074343377,-0.04800487237034724,0.01209985560680387,15,0.6596069802429407,0.9746487953682388,0.7775312066078186,0.7449933290481567,4.430572032928467
0.7,dec_mixed_joint,0.7031690976478457,0.01913143059890799,0.01018132733387956,15,0.6596069802429407,1.2415369159986485,0.776482880115509,0.7449933290481567,4.430572032928467
0.7,dec_pandora,0.6586654712935123,-0.03757289999834707,0.013532612713197435,15,0.6596069802429407,,0.735260209441185,0.7449933290481567,4.430572032928467
0.7,dec_revcat,0.6472212689071838,-0.04868154936431002,0.013070913044082224,15,0.6596069802429407,,0.7252470344305039,0.7449933290481567,4.430572032928467
0.6,u_single,0.6478611464638043,-0.03815196608231877,0.013611515886441968,15,0.6596069802429407,,0.7298418972332017,0.7449933290481567,4.430572032928467
0.6,u_dp3,0.6593764085715228,-0.02606101833530703,0.012208077156886835,15,0.6596069802429407,,0.7427991216512956,0.7449933290481567,4.430572032928467
0.6,u_dp3_noom,0.665542856628154,-0.014628085600239375,0.012188055668849496,15,0.6596069802429407,3.7547283411094394,0.7504946859903382,0.7449933290481567,4.430572032928467
0.6,u_single_emp,0.6561159252673306,-0.03042209043608308,0.012946344096465789,15,0.6596069802429407,,0.7350351339481773,0.7449933290481567,4.430572032928467
0.6,u_dp3_emp,0.6642507132661899,-0.0165951373780613,0.010873874303232776,15,0.6596069802429407,4.619391493997992,0.7464178304787001,0.7449933290481567,4.430572032928467
0.6,u_dp3_raw,0.663838329846334,-0.016934331286712755,0.010770008488679417,15,0.6596069802429407,,0.7438683355292052,0.7449933290481567,4.430572032928467
0.6,u_dp3_emp_indep,0.6724979695225377,-0.012874937220565963,0.012540171872784264,15,0.6596069802429407,3.3198590513433404,0.7575625823451911,0.7449933290481567,4.430572032928467
0.6,u_pidx,0.6642046104467003,-0.021429302162692454,0.011872382457417785,15,0.6596069802429407,5.529505472720159,0.7479631817303469,0.7449933290481567,4.430572032928467
0.6,u_pidx_emp,0.6699827879202552,-0.016285282778323234,0.01073427219677097,15,0.6596069802429407,3.7542787626535254,0.758794292841458,0.7449933290481567,4.430572032928467
0.6,u_pidx_emp_indep,0.6724822170117518,-0.013979853490072535,0.011012109634651768,15,0.6596069802429407,3.561865658330513,0.7603353486166007,0.7449933290481567,4.430572032928467
0.6,dec_single_joint,0.6545601967399279,-0.02968381247879013,0.012645416220896977,15,0.6596069802429407,,0.731488823890686,0.7449933290481567,4.430572032928467
0.6,dec_escalate_joint,0.61258547643497,-0.0780521635889231,0.011713923065723721,15,0.6596069802429407,5.067900834463047,0.7452986240386963,0.7449933290481567,4.430572032928467
0.6,dec_mixed_joint,0.6666328900160483,-0.015240773713714847,0.010852442552041108,15,0.6596069802429407,3.697790082189088,0.753146231174469,0.7449933290481567,4.430572032928467
0.6,dec_pandora,0.5841081560975583,-0.11389938023755083,0.011390073029001595,15,0.6596069802429407,,0.653145582228899,0.7449933290481567,4.430572032928467
0.6,dec_revcat,0.5935349951381736,-0.103584618460739,0.01598774545071515,15,0.6596069802429407,,0.6658926196396351,0.7449933290481567,4.430572032928467
