r,B,eta,order,cost_over_B,q,hindsight_q,gap
0.6,0.07368047391106416,0.05,0,1.0,0.009009009009009009,0.009009009009009009,0.0
0.6,0.07368047391106416,0.05,1,1.0,0.009009009009009009,0.009009009009009009,0.0
0.6,0.07368047391106416,0.05,2,1.0,0.009009009009009009,0.009009009009009009,0.0
0.6,0.07368047391106416,0.05,3,1.0,0.009009009009009009,0.009009009009009009,0.0
0.6,0.07368047391106416,0.05,4,1.0,0.009009009009009009,0.009009009009009009,0.0
0.6,0.07368047391106416,0.2,0,1.0290398765304016,0.06306306306306306,0.009009009009009009,-0.05405405405405405
0.6,0.07368047391106416,0.2,1,1.0,0.009009009009009009,0.009009009009009009,0.0
0.6,0.07368047391106416,0.2,2,1.0,0.009009009009009009,0.009009009009009009,0.0
0.6,0.07368047391106416,0.2,3,1.0183368565818043,0.036036036036036036,0.009009009009009009,-0.02702702702702703
0.6,0.07368047391106416,0.2,4,1.0,0.009009009009009009,0.009009009009009009,0.0
0.6,0.2024686207180054,0.05,0,0.9982200536452883,0.5790990990990991,0.5315315315315315,-0.047567567567567526
0.6,0.2024686207180054,0.05,1,0.9715564860656227,0.5819819819819819,0.5315315315315315,-0.05045045045045038
0.6,0.2024686207180054,0.05,2,0.9793469275683327,0.5913513513513512,0.5315315315315315,-0.05981981981981965
0.6,0.2024686207180054,0.05,3,0.993334165462593,0.5866666666666666,0.5315315315315315,-0.055135135135135016
0.6,0.2024686207180054,0.05,4,0.9957934901970351,0.5971171171171171,0.5315315315315315,-0.06558558558558558
0.6,0.2024686207180054,0.2,0,1.0076575510423613,0.5931531531531532,0.5315315315315315,-0.06162162162162166
0.6,0.2024686207180054,0.2,1,0.9792924133348829,0.5877477477477477,0.5315315315315315,-0.0562162162162162
0.6,0.2024686207180054,0.2,2,0.9868276009959872,0.5859459459459458,0.5315315315315315,-0.0544144144144143
0.6,0.2024686207180054,0.2,3,1.0022178242381692,0.5762162162162162,0.5315315315315315,-0.04468468468468467
0.6,0.2024686207180054,0.2,4,1.0049310958439923,0.5956756756756757,0.5315315315315315,-0.06414414414414416
0.6,0.5563691463892141,0.05,0,1.0370053368234584,0.6616216216216216,0.6637837837837837,0.002162162162162029
0.6,0.5563691463892141,0.05,1,1.0142207862985486,0.6486486486486487,0.6637837837837837,0.01513513513513498
0.6,0.5563691463892141,0.05,2,1.0280713053035337,0.6508828828828827,0.6637837837837837,0.012900900900901013
0.6,0.5563691463892141,0.05,3,1.0630752933794716,0.6583063063063062,0.6637837837837837,0.00547747747747751
0.6,0.5563691463892141,0.05,4,1.0460937387263687,0.6415135135135135,0.6637837837837837,0.022270270270270176
0.6,0.5563691463892141,0.2,0,1.0726164226122246,0.6579459459459459,0.6637837837837837,0.005837837837837756
0.6,0.5563691463892141,0.2,1,1.0400263307023268,0.6633513513513513,0.6637837837837837,0.0004324324324324058
0.6,0.5563691463892141,0.2,2,1.033602377056086,0.6490810810810809,0.6637837837837837,0.014702702702702797
0.6,0.5563691463892141,0.2,3,1.0764219017833372,0.6567927927927928,0.6637837837837837,0.006990990990990875
0.6,0.5563691463892141,0.2,4,1.075338749408281,0.6420180180180178,0.6637837837837837,0.021765765765765832
0.6,1.5288622303847939,0.05,0,1.119581049751604,0.6732252252252252,0.6655855855855857,-0.007639639639639539
0.6,1.5288622303847939,0.05,1,1.077886726394477,0.6895855855855852,0.6655855855855857,-0.023999999999999577
0.6,1.5288622303847939,0.05,2,1.0774146189689358,0.6650810810810809,0.6655855855855857,0.000504504504504788
0.6,1.5288622303847939,0.05,3,1.1264494593373486,0.6765405405405405,0.6655855855855857,-0.010954954954954799
0.6,1.5288622303847939,0.05,4,1.0857268866623813,0.6746666666666667,0.6655855855855857,-0.009081081081081077
0.6,1.5288622303847939,0.2,0,1.117084954706519,0.6745225225225224,0.6655855855855857,-0.008936936936936757
0.6,1.5288622303847939,0.2,1,1.0891631114448463,0.6782702702702702,0.6655855855855857,-0.012684684684684533
0.6,1.5288622303847939,0.2,2,1.1203809217145773,0.6965765765765766,0.6655855855855857,-0.030990990990990896
0.6,1.5288622303847939,0.2,3,1.1477956183630138,0.6846126126126126,0.6655855855855857,-0.019027027027026966
0.6,1.5288622303847939,0.2,4,1.1133441928583951,0.6717117117117116,0.6655855855855857,-0.0061261261261259525
0.6,4.201202986662384,0.05,0,0.9868966139372266,0.7265585585585587,0.731171171171171,0.004612612612612366
0.6,4.201202986662384,0.05,1,0.9788302031106952,0.7278558558558558,0.731171171171171,0.0033153153153152592
0.6,4.201202986662384,0.05,2,0.9847844693871151,0.7336216216216215,0.731171171171171,-0.0024504504504504476
0.6,4.201202986662384,0.05,3,0.9899508883325372,0.7384504504504507,0.731171171171171,-0.007279279279279627
0.6,4.201202986662384,0.05,4,0.971791836290886,0.7305225225225225,0.731171171171171,0.0006486486486485532
0.6,4.201202986662384,0.2,0,1.0300472942593053,0.7262702702702702,0.731171171171171,0.004900900900900784
0.6,4.201202986662384,0.2,1,1.021639836950085,0.7287927927927929,0.731171171171171,0.0023783783783781764
0.6,4.201202986662384,0.2,2,1.017602776200113,0.7305225225225226,0.731171171171171,0.0006486486486484422
0.6,4.201202986662384,0.2,3,1.022488620084279,0.7384504504504507,0.731171171171171,-0.007279279279279627
0.6,4.201202986662384,0.2,4,1.014956996626892,0.7283603603603602,0.731171171171171,0.0028108108108108043
0.6,11.544602374472058,0.05,0,1.0,0.7372972972972973,0.7469549549549549,0.009657657657657581
0.6,11.544602374472058,0.05,1,1.0,0.7372972972972973,0.7469549549549549,0.009657657657657581
0.6,11.544602374472058,0.05,2,1.0000000000000002,0.7372972972972973,0.7469549549549549,0.009657657657657581
0.6,11.544602374472058,0.05,3,1.0000000000000002,0.7372972972972973,0.7469549549549549,0.009657657657657581
0.6,11.544602374472058,0.05,4,1.0000000000000002,0.7372972972972973,0.7469549549549549,0.009657657657657581
0.6,11.544602374472058,0.2,0,1.0,0.7372972972972973,0.7469549549549549,0.009657657657657581
0.6,11.544602374472058,0.2,1,1.0,0.7372972972972973,0.7469549549549549,0.009657657657657581
0.6,11.544602374472058,0.2,2,1.0000000000000002,0.7372972972972973,0.7469549549549549,0.009657657657657581
0.6,11.544602374472058,0.2,3,1.0000000000000002,0.7372972972972973,0.7469549549549549,0.009657657657657581
0.6,11.544602374472058,0.2,4,1.0000000000000002,0.7372972972972973,0.7469549549549549,0.009657657657657581
0.7,0.07368047391106416,0.05,0,1.0,0.009009009009009009,0.009009009009009009,0.0
0.7,0.07368047391106416,0.05,1,1.0,0.009009009009009009,0.009009009009009009,0.0
0.7,0.07368047391106416,0.05,2,1.0,0.009009009009009009,0.009009009009009009,0.0
0.7,0.07368047391106416,0.05,3,1.0,0.009009009009009009,0.009009009009009009,0.0
0.7,0.07368047391106416,0.05,4,1.0,0.009009009009009009,0.009009009009009009,0.0
0.7,0.07368047391106416,0.2,0,1.0290398765304016,0.06306306306306306,0.009009009009009009,-0.05405405405405405
0.7,0.07368047391106416,0.2,1,1.0,0.009009009009009009,0.009009009009009009,0.0
0.7,0.07368047391106416,0.2,2,1.0,0.009009009009009009,0.009009009009009009,0.0
0.7,0.07368047391106416,0.2,3,1.0183368565818043,0.036036036036036036,0.009009009009009009,-0.02702702702702703
0.7,0.07368047391106416,0.2,4,1.0,0.009009009009009009,0.009009009009009009,0.0
0.7,0.20344166858523446,0.05,0,0.9864794211484906,0.6516216216216216,0.6472072072072073,-0.004414414414414369
0.7,0.20344166858523446,0.05,1,0.934632777607515,0.6488288288288286,0.6472072072072073,-0.001621621621621383
0.7,0.20344166858523446,0.05,2,0.9736877532047145,0.6536936936936936,0.6472072072072073,-0.006486486486486309
0.7,0.20344166858523446,0.05,3,0.9710003595049934,0.6488288288288288,0.6472072072072073,-0.001621621621621494
0.7,0.20344166858523446,0.05,4,0.9793781809132124,0.6485585585585584,0.6472072072072073,-0.0013513513513511155
0.7,0.20344166858523446,0.2,0,1.0085201480512254,0.6504234234234233,0.6472072072072073,-0.003216216216216039
0.7,0.20344166858523446,0.2,1,0.9655752348686332,0.6300990990990991,0.6472072072072073,0.017108108108108144
0.7,0.20344166858523446,0.2,2,0.9824195233894497,0.658108108108108,0.6472072072072073,-0.01090090090090079
0.7,0.20344166858523446,0.2,3,1.0003451168616886,0.6658558558558558,0.6472072072072073,-0.01864864864864857
0.7,0.20344166858523446,0.2,4,0.9972314872469142,0.662252252252252,0.6472072072072073,-0.01504504504504478
0.7,0.5617297272911447,0.05,0,0.9710136314165945,0.7231081081081081,0.7272702702702701,0.004162162162162031
0.7,0.5617297272911447,0.05,1,0.9420264264377072,0.715990990990991,0.7272702702702701,0.011279279279279186
0.7,0.5617297272911447,0.05,2,0.924756825103698,0.7144684684684686,0.7272702702702701,0.012801801801801571
0.7,0.5617297272911447,0.05,3,0.9714353891247628,0.724099099099099,0.7272702702702701,0.003171171171171161
0.7,0.5617297272911447,0.05,4,0.9523995947223144,0.7126396396396396,0.7272702702702701,0.014630630630630526
0.7,0.5617297272911447,0.2,0,1.0332266145297122,0.7250720720720718,0.7272702702702701,0.002198198198198331
0.7,0.5617297272911447,0.2,1,1.0596296921159984,0.7153963963963963,0.7272702702702701,0.011873873873873841
0.7,0.5617297272911447,0.2,2,1.0226618205848108,0.7096666666666668,0.7272702702702701,0.017603603603603357
0.7,0.5617297272911447,0.2,3,1.0608122935556605,0.7317297297297297,0.7272702702702701,-0.0044594594594595804
0.7,0.5617297272911447,0.2,4,1.0322161458784074,0.7146486486486486,0.7272702702702701,0.012621621621621504
0.7,1.5510111016926909,0.05,0,1.084664392287728,0.7258288288288288,0.7272702702702701,0.0014414414414413157
0.7,1.5510111016926909,0.05,1,1.0670316548621765,0.7170000000000001,0.7272702702702701,0.010270270270270054
0.7,1.5510111016926909,0.05,2,1.0457246840496743,0.721927927927928,0.7272702702702701,0.005342342342342099
0.7,1.5510111016926909,0.05,3,1.0885900275182836,0.7127927927927927,0.7272702702702701,0.014477477477477407
0.7,1.5510111016926909,0.05,4,1.058031589474217,0.7200900900900902,0.7272702702702701,0.0071801801801799625
0.7,1.5510111016926909,0.2,0,1.1546951497994953,0.7079639639639638,0.7272702702702701,0.019306306306306364
0.7,1.5510111016926909,0.2,1,1.1116966468304375,0.7250180180180179,0.7272702702702701,0.0022522522522522292
0.7,1.5510111016926909,0.2,2,1.109483081767782,0.7164324324324325,0.7272702702702701,0.01083783783783765
0.7,1.5510111016926909,0.2,3,1.0824485896122487,0.7272972972972971,0.7272702702702701,-2.7027027026949035e-05
0.7,1.5510111016926909,0.2,4,1.0862133490697612,0.7333333333333334,0.7272702702702701,-0.0060630630630632565
0.7,4.28254963321023,0.05,0,0.9546056571681582,0.7505675675675675,0.7608558558558558,0.010288288288288316
0.7,4.28254963321023,0.05,1,0.9416019226582034,0.7679189189189188,0.7608558558558558,-0.007063063063063035
0.7,4.28254963321023,0.05,2,0.9521345639881341,0.7602792792792793,0.7608558558558558,0.0005765765765765041
0.7,4.28254963321023,0.05,3,0.9579428193313085,0.7637477477477477,0.7608558558558558,-0.0028918918918918735
0.7,4.28254963321023,0.05,4,0.9552596916899545,0.7643693693693694,0.7608558558558558,-0.0035135135135135886
0.7,4.28254963321023,0.2,0,1.0197659174183404,0.7603873873873873,0.7608558558558558,0.0004684684684684859
0.7,4.28254963321023,0.2,1,1.0099558627375915,0.7638648648648647,0.7608558558558558,-0.0030090090090089117
0.7,4.28254963321023,0.2,2,1.0130022600579958,0.7626666666666667,0.7608558558558558,-0.0018108108108109144
0.7,4.28254963321023,0.2,3,1.0372389532339754,0.7685945945945946,0.7608558558558558,-0.00773873873873876
0.7,4.28254963321023,0.2,4,1.0097716172572329,0.7643153153153153,0.7608558558558558,-0.0034594594594594685
0.7,11.824693801929284,0.05,0,1.0000000000000002,0.7622072072072072,0.7671261261261261,0.004918918918918824
0.7,11.824693801929284,0.05,1,1.0,0.7622072072072071,0.7671261261261261,0.004918918918918935
0.7,11.824693801929284,0.05,2,1.0000000000000002,0.7622072072072071,0.7671261261261261,0.004918918918918935
0.7,11.824693801929284,0.05,3,1.0000000000000002,0.7622072072072071,0.7671261261261261,0.004918918918918935
0.7,11.824693801929284,0.05,4,1.0,0.7622072072072072,0.7671261261261261,0.004918918918918824
0.7,11.824693801929284,0.2,0,1.0000000000000002,0.7622072072072072,0.7671261261261261,0.004918918918918824
0.7,11.824693801929284,0.2,1,1.0,0.7622072072072071,0.7671261261261261,0.004918918918918935
0.7,11.824693801929284,0.2,2,1.0000000000000002,0.7622072072072071,0.7671261261261261,0.004918918918918935
0.7,11.824693801929284,0.2,3,1.0000000000000002,0.7622072072072071,0.7671261261261261,0.004918918918918935
0.7,11.824693801929284,0.2,4,1.0,0.7622072072072072,0.7671261261261261,0.004918918918918824
0.8,0.07368047391106416,0.05,0,1.0,0.009009009009009009,0.009009009009009009,0.0
0.8,0.07368047391106416,0.05,1,1.0,0.009009009009009009,0.009009009009009009,0.0
0.8,0.07368047391106416,0.05,2,1.0,0.009009009009009009,0.009009009009009009,0.0
0.8,0.07368047391106416,0.05,3,1.0,0.009009009009009009,0.009009009009009009,0.0
0.8,0.07368047391106416,0.05,4,1.0,0.009009009009009009,0.009009009009009009,0.0
0.8,0.07368047391106416,0.2,0,1.0290398765304016,0.06306306306306306,0.009009009009009009,-0.05405405405405405
0.8,0.07368047391106416,0.2,1,1.0,0.009009009009009009,0.009009009009009009,0.0
0.8,0.07368047391106416,0.2,2,1.0,0.009009009009009009,0.009009009009009009,0.0
0.8,0.07368047391106416,0.2,3,1.0183368565818043,0.036036036036036036,0.009009009009009009,-0.02702702702702703
0.8,0.07368047391106416,0.2,4,1.0,0.009009009009009009,0.009009009009009009,0.0
0.8,0.2045775758401955,0.05,0,0.9732497964815131,0.6897297297297296,0.7016216216216216,0.011891891891891992
0.8,0.2045775758401955,0.05,1,0.9023092400644577,0.6882882882882884,0.7016216216216216,0.013333333333333197
0.8,0.2045775758401955,0.05,2,0.9441259770672389,0.7059459459459458,0.7016216216216216,-0.00432432432432428
0.8,0.2045775758401955,0.05,3,0.9422866596971047,0.6976576576576576,0.7016216216216216,0.0039639639639639235
0.8,0.2045775758401955,0.05,4,0.953429921285868,0.7077477477477477,0.7016216216216216,-0.006126126126126175
0.8,0.2045775758401955,0.2,0,1.0125929328466972,0.705945945945946,0.7016216216216216,-0.004324324324324391
0.8,0.2045775758401955,0.2,1,0.9467398888744308,0.6935495495495495,0.7016216216216216,0.008072072072072056
0.8,0.2045775758401955,0.2,2,0.9874594894808462,0.7077477477477476,0.7016216216216216,-0.0061261261261260636
0.8,0.2045775758401955,0.2,3,1.0075740354321547,0.7221621621621621,0.7016216216216216,-0.020540540540540553
0.8,0.2045775758401955,0.2,4,0.9977845864025691,0.7146666666666666,0.7016216216216216,-0.013045045045045
0.8,0.5680200236926852,0.05,0,1.042825924542622,0.7793153153153154,0.7762162162162161,-0.003099099099099334
0.8,0.5680200236926852,0.05,1,0.9937815633506677,0.7667027027027027,0.7762162162162161,0.009513513513513372
0.8,0.5680200236926852,0.05,2,0.99433055068773,0.7443603603603604,0.7762162162162161,0.03185585585585571
0.8,0.5680200236926852,0.05,3,1.0440569331661098,0.7842882882882882,0.7762162162162161,-0.008072072072072167
0.8,0.5680200236926852,0.05,4,0.9760329040244619,0.7508468468468469,0.7762162162162161,0.025369369369369177
0.8,0.5680200236926852,0.2,0,1.1261277246478905,0.7554594594594594,0.7762162162162161,0.0207567567567567
0.8,0.5680200236926852,0.2,1,1.1337177254725443,0.7743423423423423,0.7762162162162161,0.0018738738738737215
0.8,0.5680200236926852,0.2,2,1.105224620454352,0.7404684684684684,0.7762162162162161,0.035747747747747693
0.8,0.5680200236926852,0.2,3,1.1919723660225818,0.7699459459459458,0.7762162162162161,0.006270270270270273
0.8,0.5680200236926852,0.2,4,1.123568751287721,0.7592792792792793,0.7762162162162161,0.016936936936936764
0.8,1.5771364285197715,0.05,0,1.149942765993247,0.7639639639639639,0.7762162162162161,0.012252252252252127
0.8,1.5771364285197715,0.05,1,1.106381236138151,0.7605045045045045,0.7762162162162161,0.015711711711711596
0.8,1.5771364285197715,0.05,2,1.1435941251827137,0.7641081081081081,0.7762162162162161,0.012108108108107918
0.8,1.5771364285197715,0.05,3,1.1646620323913255,0.7553873873873871,0.7762162162162161,0.02082882882882897
0.8,1.5771364285197715,0.05,4,1.1170527467036044,0.7589909909909909,0.7762162162162161,0.017225225225225183
0.8,1.5771364285197715,0.2,0,1.192770551519613,0.7535855855855855,0.7762162162162161,0.022630630630630533
0.8,1.5771364285197715,0.2,1,1.1791007135675122,0.7594954954954953,0.7762162162162161,0.016720720720720728
0.8,1.5771364285197715,0.2,2,1.1927181952786623,0.7747747747747747,0.7762162162162161,0.0014414414414413157
0.8,1.5771364285197715,0.2,3,1.2368284840581496,0.7673513513513512,0.7762162162162161,0.008864864864864819
0.8,1.5771364285197715,0.2,4,1.1727744154612016,0.779171171171171,0.7762162162162161,-0.0029549549549549026
0.8,4.378999349343065,0.05,0,1.0111358597429283,0.7865945945945947,0.7875315315315315,0.0009369369369368608
0.8,4.378999349343065,0.05,1,0.9995401288597139,0.7805405405405405,0.7875315315315315,0.006990990990991097
0.8,4.378999349343065,0.05,2,1.02672287273707,0.7819819819819821,0.7875315315315315,0.0055495495495494485
0.8,4.378999349343065,0.05,3,1.0367579756299243,0.7819819819819817,0.7875315315315315,0.0055495495495498925
0.8,4.378999349343065,0.05,4,1.0151751092055865,0.7906306306306305,0.7875315315315315,-0.003099099099099001
0.8,4.378999349343065,0.2,0,1.0498404657587204,0.7865945945945946,0.7875315315315315,0.0009369369369369718
0.8,4.378999349343065,0.2,1,1.0437876621923095,0.7799639639639637,0.7875315315315315,0.007567567567567823
0.8,4.378999349343065,0.2,2,1.051149391633762,0.7926486486486487,0.7875315315315315,-0.005117117117117154
0.8,4.378999349343065,0.2,3,1.062617125944886,0.7847207207207203,0.7875315315315315,0.0028108108108112484
0.8,4.378999349343065,0.2,4,1.0555015645702779,0.7877477477477477,0.7875315315315315,-0.0002162162162161474
0.8,12.158513971771205,0.05,0,1.0000000000000002,0.788900900900901,0.788900900900901,0.0
0.8,12.158513971771205,0.05,1,1.0000000000000002,0.7889009009009009,0.788900900900901,1.1102230246251565e-16
0.8,12.158513971771205,0.05,2,1.0000000000000002,0.788900900900901,0.788900900900901,0.0
0.8,12.158513971771205,0.05,3,1.0,0.7889009009009011,0.788900900900901,-1.1102230246251565e-16
0.8,12.158513971771205,0.05,4,1.0000000000000002,0.788900900900901,0.788900900900901,0.0
0.8,12.158513971771205,0.2,0,1.0000000000000002,0.788900900900901,0.788900900900901,0.0
0.8,12.158513971771205,0.2,1,1.0000000000000002,0.7889009009009009,0.788900900900901,1.1102230246251565e-16
0.8,12.158513971771205,0.2,2,1.0000000000000002,0.788900900900901,0.788900900900901,0.0
0.8,12.158513971771205,0.2,3,1.0,0.7889009009009011,0.788900900900901,-1.1102230246251565e-16
0.8,12.158513971771205,0.2,4,1.0000000000000002,0.788900900900901,0.788900900900901,0.0
0.85,0.07368047391106416,0.05,0,1.0,0.009009009009009009,0.009009009009009009,0.0
0.85,0.07368047391106416,0.05,1,1.0,0.009009009009009009,0.009009009009009009,0.0
0.85,0.07368047391106416,0.05,2,1.0,0.009009009009009009,0.009009009009009009,0.0
0.85,0.07368047391106416,0.05,3,1.0,0.009009009009009009,0.009009009009009009,0.0
0.85,0.07368047391106416,0.05,4,1.0,0.009009009009009009,0.009009009009009009,0.0
0.85,0.07368047391106416,0.2,0,1.0290398765304016,0.06306306306306306,0.009009009009009009,-0.05405405405405405
0.85,0.07368047391106416,0.2,1,1.0,0.009009009009009009,0.009009009009009009,0.0
0.85,0.07368047391106416,0.2,2,1.0,0.009009009009009009,0.009009009009009009,0.0
0.85,0.07368047391106416,0.2,3,1.0183368565818043,0.036036036036036036,0.009009009009009009,-0.02702702702702703
0.85,0.07368047391106416,0.2,4,1.0,0.009009009009009009,0.009009009009009009,0.0
0.85,0.2043989887136788,0.05,0,0.9856693464104589,0.7127027027027029,0.7099999999999997,-0.002702702702703119
0.85,0.2043989887136788,0.05,1,0.9149470828695517,0.7144144144144146,0.7099999999999997,-0.004414414414414813
0.85,0.2043989887136788,0.05,2,0.9623617297255641,0.7264639639639641,0.7099999999999997,-0.016463963963964323
0.85,0.2043989887136788,0.05,3,0.9614056181068729,0.7318243243243242,0.7099999999999997,-0.021824324324324462
0.85,0.2043989887136788,0.05,4,0.9709631331529822,0.7335810810810811,0.7099999999999997,-0.023581081081081368
0.85,0.2043989887136788,0.2,0,1.021699215278926,0.7348648648648648,0.7099999999999997,-0.024864864864865055
0.85,0.2043989887136788,0.2,1,0.9498266800097757,0.7192421171171172,0.7099999999999997,-0.009242117117117421
0.85,0.2043989887136788,0.2,2,1.0027167513135617,0.7350675675675677,0.7099999999999997,-0.025067567567568005
0.85,0.2043989887136788,0.2,3,1.0207006552947602,0.7488963963963964,0.7099999999999997,-0.03889639639639664
0.85,0.2043989887136788,0.2,4,1.0106196219995116,0.7410360360360361,0.7099999999999997,-0.03103603603603633
0.85,0.5670287441093791,0.05,0,1.0992690591625567,0.7899403153153153,0.7829493243243243,-0.006990990990990986
0.85,0.5670287441093791,0.05,1,1.0813812829574643,0.7778907657657657,0.7829493243243243,0.0050585585585586346
0.85,0.5670287441093791,0.05,2,1.098308857615898,0.7633254504504503,0.7829493243243243,0.019623873873873987
0.85,0.5670287441093791,0.05,3,1.1051789365922529,0.7890247747747747,0.7829493243243243,-0.006075450450450437
0.85,0.5670287441093791,0.05,4,1.0673329735627002,0.7833930180180179,0.7829493243243243,-0.0004436936936935698
0.85,0.5670287441093791,0.2,0,1.202071217936431,0.7780709459459458,0.7829493243243243,0.004878378378378456
0.85,0.5670287441093791,0.2,1,1.1898705794200266,0.7982590090090089,0.7829493243243243,-0.015309684684684632
0.85,0.5670287441093791,0.2,2,1.234399569863832,0.7782657657657657,0.7829493243243243,0.00468355855855862
0.85,0.5670287441093791,0.2,3,1.2613370741751204,0.7802184684684685,0.7829493243243243,0.0027308558558557516
0.85,0.5670287441093791,0.2,4,1.1606791347802443,0.7841666666666666,0.7829493243243243,-0.0012173423423422758
0.85,1.573009723138336,0.05,0,1.1738194377649684,0.7806081081081079,0.8075450450450451,0.026936936936937217
0.85,1.573009723138336,0.05,1,1.1227220885840816,0.7816069819819819,0.8075450450450451,0.025938063063063233
0.85,1.573009723138336,0.05,2,1.157417353999361,0.7837015765765765,0.8075450450450451,0.02384346846846863
0.85,1.573009723138336,0.05,3,1.1696686822680822,0.779864864864865,0.8075450450450451,0.027680180180180147
0.85,1.573009723138336,0.05,4,1.1170481041238804,0.778341216216216,0.8075450450450451,0.029203828828829104
0.85,1.573009723138336,0.2,0,1.2555841308905813,0.7655259009009008,0.8075450450450451,0.042019144144144316
0.85,1.573009723138336,0.2,1,1.2346022735930395,0.7845202702702702,0.8075450450450451,0.023024774774774937
0.85,1.573009723138336,0.2,2,1.32762785258218,0.7929132882882881,0.8075450450450451,0.014631756756756986
0.85,1.573009723138336,0.2,3,1.293220062670577,0.7865765765765764,0.8075450450450451,0.02096846846846867
0.85,1.573009723138336,0.2,4,1.215225493508149,0.7858569819819817,0.8075450450450451,0.021688063063063368
0.85,4.363728673004351,0.05,0,1.0039312414632753,0.7863288288288288,0.8075450450450451,0.021216216216216277
0.85,4.363728673004351,0.05,1,0.9902431153261715,0.7861565315315316,0.8075450450450451,0.021388513513513452
0.85,4.363728673004351,0.05,2,0.9868649816743718,0.7851801801801802,0.8075450450450451,0.022364864864864886
0.85,4.363728673004351,0.05,3,1.0219214387432358,0.7873051801801803,0.8075450450450451,0.020239864864864843
0.85,4.363728673004351,0.05,4,0.9996309623948798,0.7912680180180179,0.8075450450450451,0.016277027027027158
0.85,4.363728673004351,0.2,0,1.0584891999586001,0.7897747747747748,0.8075450450450451,0.01777027027027034
0.85,4.363728673004351,0.2,1,1.0540718083228215,0.7835146396396397,0.8075450450450451,0.024030405405405353
0.85,4.363728673004351,0.2,2,1.0523052750850705,0.7901497747747748,0.8075450450450451,0.017395270270270324
0.85,4.363728673004351,0.2,3,1.0828721717993488,0.7892578828828829,0.8075450450450451,0.018287162162162196
0.85,4.363728673004351,0.2,4,1.065470273371476,0.7901193693693693,0.8075450450450451,0.017425675675675767
0.85,12.105537334892663,0.05,0,1.0000000000000002,0.8003119369369369,0.8075450450450451,0.007233108108108177
0.85,12.105537334892663,0.05,1,1.0,0.8003119369369371,0.8075450450450451,0.007233108108107955
0.85,12.105537334892663,0.05,2,1.0,0.8003119369369368,0.8075450450450451,0.007233108108108288
0.85,12.105537334892663,0.05,3,0.9999999999999999,0.8003119369369371,0.8075450450450451,0.007233108108107955
0.85,12.105537334892663,0.05,4,1.0000000000000007,0.8003119369369368,0.8075450450450451,0.007233108108108288
0.85,12.105537334892663,0.2,0,1.0000000000000002,0.8003119369369369,0.8075450450450451,0.007233108108108177
0.85,12.105537334892663,0.2,1,1.0,0.8003119369369371,0.8075450450450451,0.007233108108107955
0.85,12.105537334892663,0.2,2,1.0,0.8003119369369368,0.8075450450450451,0.007233108108108288
0.85,12.105537334892663,0.2,3,0.9999999999999999,0.8003119369369371,0.8075450450450451,0.007233108108107955
0.85,12.105537334892663,0.2,4,1.0000000000000007,0.8003119369369368,0.8075450450450451,0.007233108108108288
0.9,0.07368047391106416,0.05,0,1.0,0.009009009009009009,0.009009009009009009,0.0
0.9,0.07368047391106416,0.05,1,1.0,0.009009009009009009,0.009009009009009009,0.0
0.9,0.07368047391106416,0.05,2,1.0,0.009009009009009009,0.009009009009009009,0.0
0.9,0.07368047391106416,0.05,3,1.0,0.009009009009009009,0.009009009009009009,0.0
0.9,0.07368047391106416,0.05,4,1.0,0.009009009009009009,0.009009009009009009,0.0
0.9,0.07368047391106416,0.2,0,1.0290398765304016,0.06306306306306306,0.009009009009009009,-0.05405405405405405
0.9,0.07368047391106416,0.2,1,1.0,0.009009009009009009,0.009009009009009009,0.0
0.9,0.07368047391106416,0.2,2,1.0,0.009009009009009009,0.009009009009009009,0.0
0.9,0.07368047391106416,0.2,3,1.0183368565818043,0.036036036036036036,0.009009009009009009,-0.02702702702702703
0.9,0.07368047391106416,0.2,4,1.0,0.009009009009009009,0.009009009009009009,0.0
0.9,0.2048746734014015,0.05,0,1.0001104446521296,0.7511711711711712,0.734774774774775,-0.016396396396396118
0.9,0.2048746734014015,0.05,1,0.9192157106574566,0.7422522522522522,0.734774774774775,-0.007477477477477179
0.9,0.2048746734014015,0.05,2,0.9835508424694809,0.7608108108108108,0.734774774774775,-0.02603603603603577
0.9,0.2048746734014015,0.05,3,0.9874899094469046,0.7737837837837839,0.734774774774775,-0.03900900900900883
0.9,0.2048746734014015,0.05,4,0.9868304555392086,0.7513513513513512,0.734774774774775,-0.016576576576576185
0.9,0.2048746734014015,0.2,0,1.0389224473458192,0.7604504504504505,0.734774774774775,-0.025675675675675413
0.9,0.2048746734014015,0.2,1,0.9836630530452559,0.7456756756756759,0.734774774774775,-0.0109009009009009
0.9,0.2048746734014015,0.2,2,1.0209062630567014,0.7598198198198197,0.734774774774775,-0.025045045045044678
0.9,0.2048746734014015,0.2,3,1.0370015338142957,0.7763963963963965,0.734774774774775,-0.04162162162162142
0.9,0.2048746734014015,0.2,4,1.025403478054649,0.773873873873874,0.734774774774775,-0.03909909909909892
0.9,0.5696710345809541,0.05,0,1.2225319040945894,0.815765765765766,0.802045045045045,-0.013720720720720947
0.9,0.5696710345809541,0.05,1,1.1340550222897476,0.8241531531531534,0.802045045045045,-0.02210810810810837
0.9,0.5696710345809541,0.05,2,1.1095356185876268,0.7844954954954957,0.802045045045045,0.017549549549549348
0.9,0.5696710345809541,0.05,3,1.137164560868285,0.8038738738738739,0.802045045045045,-0.0018288288288288435
0.9,0.5696710345809541,0.05,4,1.0663289195676346,0.8060180180180183,0.802045045045045,-0.0039729729729732766
0.9,0.5696710345809541,0.2,0,1.3734858728534336,0.819900900900901,0.802045045045045,-0.017855855855855918
0.9,0.5696710345809541,0.2,1,1.3260534168681986,0.8223603603603605,0.802045045045045,-0.020315315315315496
0.9,0.5696710345809541,0.2,2,1.361838619911094,0.8094594594594596,0.802045045045045,-0.007414414414414594
0.9,0.5696710345809541,0.2,3,1.3099765143220516,0.8320720720720721,0.802045045045045,-0.030027027027027087
0.9,0.5696710345809541,0.2,4,1.30960155950153,0.8164864864864866,0.802045045045045,-0.01444144144144155
0.9,1.5840175959900509,0.05,0,1.0805483503183577,0.8154954954954957,0.8328828828828829,0.01738738738738721
0.9,1.5840175959900509,0.05,1,1.03875667952254,0.8107207207207209,0.8328828828828829,0.022162162162162047
0.9,1.5840175959900509,0.05,2,1.0943678635227383,0.7984774774774777,0.8328828828828829,0.034405405405405265
0.9,1.5840175959900509,0.05,3,1.0857985627087177,0.7971081081081081,0.8328828828828829,0.035774774774774865
0.9,1.5840175959900509,0.05,4,0.968679152017451,0.7975675675675677,0.8328828828828829,0.03531531531531518
0.9,1.5840175959900509,0.2,0,1.367940636802103,0.7857657657657658,0.8328828828828829,0.04711711711711708
0.9,1.5840175959900509,0.2,1,1.2315689381401234,0.7844054054054056,0.8328828828828829,0.048477477477477326
0.9,1.5840175959900509,0.2,2,1.4059543213151913,0.7931531531531534,0.8328828828828829,0.039729729729729546
0.9,1.5840175959900509,0.2,3,1.3697205803334498,0.7866666666666667,0.8328828828828829,0.04621621621621619
0.9,1.5840175959900509,0.2,4,1.233004166776611,0.8033333333333336,0.8328828828828829,0.02954954954954936
0.9,4.404492403676066,0.05,0,1.0290810676902702,0.8012792792792792,0.8328828828828829,0.0316036036036037
0.9,4.404492403676066,0.05,1,1.017275181936104,0.799009009009009,0.8328828828828829,0.03387387387387397
0.9,4.404492403676066,0.05,2,1.02664253194919,0.8030630630630632,0.8328828828828829,0.029819819819819737
0.9,4.404492403676066,0.05,3,1.0461361676913095,0.8037927927927926,0.8328828828828829,0.029090090090090337
0.9,4.404492403676066,0.05,4,1.0226227719846497,0.8032252252252252,0.8328828828828829,0.02965765765765771
0.9,4.404492403676066,0.2,0,1.083104480042299,0.7974774774774774,0.8328828828828829,0.03540540540540549
0.9,4.404492403676066,0.2,1,1.0532161085423406,0.8037027027027026,0.8328828828828829,0.029180180180180315
0.9,4.404492403676066,0.2,2,1.0625573001007007,0.8025045045045045,0.8328828828828829,0.030378378378378423
0.9,4.404492403676066,0.2,3,1.0920125824547222,0.794873873873874,0.8328828828828829,0.03800900900900894
0.9,4.404492403676066,0.2,4,1.067303332063267,0.7975495495495496,0.8328828828828829,0.03533333333333333
0.9,12.247056713984891,0.05,0,1.0000000000000002,0.810099099099099,0.8328828828828829,0.022783783783783873
0.9,12.247056713984891,0.05,1,1.0000000000000004,0.810099099099099,0.8328828828828829,0.022783783783783873
0.9,12.247056713984891,0.05,2,1.0000000000000002,0.810099099099099,0.8328828828828829,0.022783783783783873
0.9,12.247056713984891,0.05,3,1.0000000000000002,0.8100990990990992,0.8328828828828829,0.022783783783783762
0.9,12.247056713984891,0.05,4,1.0000000000000004,0.8100990990990989,0.8328828828828829,0.022783783783783984
0.9,12.247056713984891,0.2,0,1.0000000000000002,0.810099099099099,0.8328828828828829,0.022783783783783873
0.9,12.247056713984891,0.2,1,1.0000000000000004,0.810099099099099,0.8328828828828829,0.022783783783783873
0.9,12.247056713984891,0.2,2,1.0000000000000002,0.810099099099099,0.8328828828828829,0.022783783783783873
0.9,12.247056713984891,0.2,3,1.0000000000000002,0.8100990990990992,0.8328828828828829,0.022783783783783762
0.9,12.247056713984891,0.2,4,1.0000000000000004,0.8100990990990989,0.8328828828828829,0.022783783783783984
0.95,0.07368047391106416,0.05,0,1.0,0.009009009009009009,0.009009009009009009,0.0
0.95,0.07368047391106416,0.05,1,1.0,0.009009009009009009,0.009009009009009009,0.0
0.95,0.07368047391106416,0.05,2,1.0,0.009009009009009009,0.009009009009009009,0.0
0.95,0.07368047391106416,0.05,3,1.0,0.009009009009009009,0.009009009009009009,0.0
0.95,0.07368047391106416,0.05,4,1.0,0.009009009009009009,0.009009009009009009,0.0
0.95,0.07368047391106416,0.2,0,1.0290398765304016,0.06306306306306306,0.009009009009009009,-0.05405405405405405
0.95,0.07368047391106416,0.2,1,1.0,0.009009009009009009,0.009009009009009009,0.0
0.95,0.07368047391106416,0.2,2,1.0,0.009009009009009009,0.009009009009009009,0.0
0.95,0.07368047391106416,0.2,3,1.0183368565818043,0.036036036036036036,0.009009009009009009,-0.02702702702702703
0.95,0.07368047391106416,0.2,4,1.0,0.009009009009009009,0.009009009009009009,0.0
0.95,0.20425946025162478,0.05,0,1.0141377453474836,0.7764864864864865,0.7683783783783785,-0.008108108108108025
0.95,0.20425946025162478,0.05,1,0.9333590785118286,0.7675450450450452,0.7683783783783785,0.0008333333333333526
0.95,0.20425946025162478,0.05,2,1.0026294511930316,0.7859234234234235,0.7683783783783785,-0.01754504504504495
0.95,0.20425946025162478,0.05,3,1.005090259289973,0.7855180180180181,0.7683783783783785,-0.017139639639639603
0.95,0.20425946025162478,0.05,4,1.011336746278864,0.7770045045045045,0.7683783783783785,-0.00862612612612601
0.95,0.20425946025162478,0.2,0,1.0603614016605323,0.7858333333333335,0.7683783783783785,-0.01745495495495497
0.95,0.20425946025162478,0.2,1,1.009572829411624,0.768828828828829,0.7683783783783785,-0.00045045045045044585
0.95,0.20425946025162478,0.2,2,1.0423255537530893,0.785472972972973,0.7683783783783785,-0.017094594594594503
0.95,0.20425946025162478,0.2,3,1.0612674798391746,0.8030405405405407,0.7683783783783785,-0.034662162162162224
0.95,0.20425946025162478,0.2,4,1.041954211463074,0.8009234234234235,0.7683783783783785,-0.03254504504504496
0.95,0.5662548689988807,0.05,0,1.2221144168036755,0.8558547297297299,0.8331722972972974,-0.02268243243243251
0.95,0.5662548689988807,0.05,1,1.1502156427057126,0.8481542792792794,0.8331722972972974,-0.014981981981982084
0.95,0.5662548689988807,0.05,2,1.1627754824083565,0.8383310810810812,0.8331722972972974,-0.005158783783783871
0.95,0.5662548689988807,0.05,3,1.1956018140089777,0.8661261261261262,0.8331722972972974,-0.0329538288288288
0.95,0.5662548689988807,0.05,4,1.0042265580367316,0.8476790540540542,0.8331722972972974,-0.014506756756756833
0.95,0.5662548689988807,0.2,0,1.7056072148956443,0.8575022522522524,0.8331722972972974,-0.024329954954955046
0.95,0.5662548689988807,0.2,1,1.4729073090782978,0.8503164414414416,0.8331722972972974,-0.017144144144144224
0.95,0.5662548689988807,0.2,2,1.787687379692647,0.8329042792792793,0.8331722972972974,0.0002680180180180125
0.95,0.5662548689988807,0.2,3,1.753507001053069,0.8409009009009011,0.8331722972972974,-0.007728603603603723
0.95,0.5662548689988807,0.2,4,1.7686894800141528,0.8409222972972975,0.8331722972972974,-0.007750000000000146
0.95,1.5697905804213002,0.05,0,1.1266362563782255,0.8268693693693695,0.8579954954954956,0.031126126126126086
0.95,1.5697905804213002,0.05,1,1.0682191215950987,0.8251801801801802,0.8579954954954956,0.03281531531531534
0.95,1.5697905804213002,0.05,2,1.1439065768561558,0.8187612612612613,0.8579954954954956,0.03923423423423433
0.95,1.5697905804213002,0.05,3,1.1152066680323653,0.8170720720720721,0.8579954954954956,0.04092342342342348
0.95,1.5697905804213002,0.05,4,0.9679138950580835,0.8349774774774775,0.8579954954954956,0.02301801801801806
0.95,1.5697905804213002,0.2,0,1.4405883554948051,0.8033783783783784,0.8579954954954956,0.05461711711711714
0.95,1.5697905804213002,0.2,1,1.4918890041540314,0.7871846846846848,0.8579954954954956,0.07081081081081075
0.95,1.5697905804213002,0.2,2,1.4865468128104262,0.8047072072072072,0.8579954954954956,0.053288288288288355
0.95,1.5697905804213002,0.2,3,1.58629437878587,0.8116216216216218,0.8579954954954956,0.04637387387387382
0.95,1.5697905804213002,0.2,4,1.3663400182461785,0.8093918918918919,0.8579954954954956,0.04860360360360372
0.95,4.351825655355757,0.05,0,1.0958634676903192,0.8088063063063063,0.8579954954954956,0.04918918918918924
0.95,4.351825655355757,0.05,1,1.0763651204199423,0.8057894144144144,0.8579954954954956,0.05220608108108116
0.95,4.351825655355757,0.05,2,1.0934449671991824,0.8088277027027028,0.8579954954954956,0.04916779279279282
0.95,4.351825655355757,0.05,3,1.1088988989182222,0.80878490990991,0.8579954954954956,0.04921058558558555
0.95,4.351825655355757,0.05,4,1.0840190795920777,0.8088063063063065,0.8579954954954956,0.04918918918918913
0.95,4.351825655355757,0.2,0,1.1026584993274473,0.8083997747747746,0.8579954954954956,0.04959572072072094
0.95,4.351825655355757,0.2,1,1.070889421945428,0.8071159909909911,0.8579954954954956,0.050879504504504514
0.95,4.351825655355757,0.2,2,1.0935278251841143,0.8165518018018018,0.8579954954954956,0.04144369369369383
0.95,4.351825655355757,0.2,3,1.1123178967447311,0.8083783783783784,0.8579954954954956,0.04961711711711714
0.95,4.351825655355757,0.2,4,1.086435841987737,0.8092995495495495,0.8579954954954956,0.04869594594594606
0.95,12.064275815395625,0.05,0,0.9999999999999997,0.8201238738738739,0.8579954954954956,0.03787162162162172
0.95,12.064275815395625,0.05,1,0.9999999999999997,0.820123873873874,0.8579954954954956,0.03787162162162161
0.95,12.064275815395625,0.05,2,0.9999999999999997,0.820123873873874,0.8579954954954956,0.03787162162162161
0.95,12.064275815395625,0.05,3,1.0,0.820123873873874,0.8579954954954956,0.03787162162162161
0.95,12.064275815395625,0.05,4,0.9999999999999997,0.8201238738738739,0.8579954954954956,0.03787162162162172
0.95,12.064275815395625,0.2,0,0.9999999999999997,0.8201238738738739,0.8579954954954956,0.03787162162162172
0.95,12.064275815395625,0.2,1,0.9999999999999997,0.820123873873874,0.8579954954954956,0.03787162162162161
0.95,12.064275815395625,0.2,2,0.9999999999999997,0.820123873873874,0.8579954954954956,0.03787162162162161
0.95,12.064275815395625,0.2,3,1.0,0.820123873873874,0.8579954954954956,0.03787162162162161
0.95,12.064275815395625,0.2,4,0.9999999999999997,0.8201238738738739,0.8579954954954956,0.03787162162162172
1.0,0.07368047391106416,0.05,0,1.0,0.009009009009009009,0.009009009009009009,0.0
1.0,0.07368047391106416,0.05,1,1.0,0.009009009009009009,0.009009009009009009,0.0
1.0,0.07368047391106416,0.05,2,1.0,0.009009009009009009,0.009009009009009009,0.0
1.0,0.07368047391106416,0.05,3,1.0,0.009009009009009009,0.009009009009009009,0.0
1.0,0.07368047391106416,0.05,4,1.0,0.009009009009009009,0.009009009009009009,0.0
1.0,0.07368047391106416,0.2,0,1.0290398765304016,0.06306306306306306,0.009009009009009009,-0.05405405405405405
1.0,0.07368047391106416,0.2,1,1.0,0.009009009009009009,0.009009009009009009,0.0
1.0,0.07368047391106416,0.2,2,1.0,0.009009009009009009,0.009009009009009009,0.0
1.0,0.07368047391106416,0.2,3,1.0183368565818043,0.036036036036036036,0.009009009009009009,-0.02702702702702703
1.0,0.07368047391106416,0.2,4,1.0,0.009009009009009009,0.009009009009009009,0.0
1.0,0.16689301026783718,0.05,0,0.9941711667361336,0.7567567567567568,0.6666666666666666,-0.09009009009009017
1.0,0.16689301026783718,0.05,1,0.9062644881699385,0.7117117117117117,0.6666666666666666,-0.04504504504504503
1.0,0.16689301026783718,0.05,2,0.9470422839892586,0.7297297297297297,0.6666666666666666,-0.06306306306306309
1.0,0.16689301026783718,0.05,3,0.9742954942578438,0.7477477477477478,0.6666666666666666,-0.08108108108108114
1.0,0.16689301026783718,0.05,4,0.9709082945904953,0.7387387387387387,0.6666666666666666,-0.07207207207207211
1.0,0.16689301026783718,0.2,0,1.078844910028781,0.7477477477477478,0.6666666666666666,-0.08108108108108114
1.0,0.16689301026783718,0.2,1,0.9645952142174881,0.7207207207207207,0.6666666666666666,-0.05405405405405406
1.0,0.16689301026783718,0.2,2,1.0169022360901039,0.7657657657657657,0.6666666666666666,-0.09909909909909909
1.0,0.16689301026783718,0.2,3,1.0438975854026127,0.7837837837837838,0.6666666666666666,-0.11711711711711714
1.0,0.16689301026783718,0.2,4,1.0583337020559462,0.7747747747747747,0.6666666666666666,-0.10810810810810811
1.0,0.37802792785888734,0.05,0,1.5759454023239468,0.8558558558558559,0.8828828828828829,0.027027027027026973
1.0,0.37802792785888734,0.05,1,1.4287390354917058,0.8738738738738738,0.8828828828828829,0.009009009009009028
1.0,0.37802792785888734,0.05,2,1.2443185060734812,0.8468468468468469,0.8828828828828829,0.036036036036036
1.0,0.37802792785888734,0.05,3,1.4223140053993029,0.8918918918918919,0.8828828828828829,-0.009009009009009028
1.0,0.37802792785888734,0.05,4,1.2243005739419706,0.8648648648648649,0.8828828828828829,0.018018018018017945
1.0,0.37802792785888734,0.2,0,1.7307469054287863,0.8738738738738738,0.8828828828828829,0.009009009009009028
1.0,0.37802792785888734,0.2,1,1.6372859476406032,0.8648648648648649,0.8828828828828829,0.018018018018017945
1.0,0.37802792785888734,0.2,2,1.6997271909681806,0.8558558558558559,0.8828828828828829,0.027027027027026973
1.0,0.37802792785888734,0.2,3,1.7857541718104388,0.8648648648648649,0.8828828828828829,0.018018018018017945
1.0,0.37802792785888734,0.2,4,1.49436143433089,0.8738738738738738,0.8828828828828829,0.009009009009009028
1.0,0.8562678209946827,0.05,0,1.8507944762086095,0.8558558558558559,0.8828828828828829,0.027027027027026973
1.0,0.8562678209946827,0.05,1,1.6051971442732555,0.8468468468468469,0.8828828828828829,0.036036036036036
1.0,0.8562678209946827,0.05,2,1.9347936915613935,0.8468468468468469,0.8828828828828829,0.036036036036036
1.0,0.8562678209946827,0.05,3,1.7823130525813953,0.8288288288288288,0.8828828828828829,0.05405405405405406
1.0,0.8562678209946827,0.05,4,1.6084175862463397,0.8468468468468469,0.8828828828828829,0.036036036036036
1.0,0.8562678209946827,0.2,0,2.139232794830299,0.8288288288288288,0.8828828828828829,0.05405405405405406
1.0,0.8562678209946827,0.2,1,2.0080443313381027,0.8558558558558559,0.8828828828828829,0.027027027027026973
1.0,0.8562678209946827,0.2,2,2.204707996927994,0.8468468468468469,0.8828828828828829,0.036036036036036
1.0,0.8562678209946827,0.2,3,2.2417445263738083,0.8468468468468469,0.8828828828828829,0.036036036036036
1.0,0.8562678209946827,0.2,4,1.9081725421587301,0.8558558558558559,0.8828828828828829,0.027027027027026973
1.0,1.9395249060663942,0.05,0,1.5024468621621156,0.8288288288288288,0.8828828828828829,0.05405405405405406
1.0,1.9395249060663942,0.05,1,1.5054657641001006,0.8108108108108109,0.8828828828828829,0.072072072072072
1.0,1.9395249060663942,0.05,2,1.4991762825115917,0.8288288288288288,0.8828828828828829,0.05405405405405406
1.0,1.9395249060663942,0.05,3,1.5419707619454925,0.8288288288288288,0.8828828828828829,0.05405405405405406
1.0,1.9395249060663942,0.05,4,1.4442138905298945,0.8288288288288288,0.8828828828828829,0.05405405405405406
1.0,1.9395249060663942,0.2,0,1.5623533229433937,0.8198198198198198,0.8828828828828829,0.06306306306306309
1.0,1.9395249060663942,0.2,1,1.531521903324538,0.8018018018018018,0.8828828828828829,0.08108108108108103
1.0,1.9395249060663942,0.2,2,1.5382122861991312,0.8288288288288288,0.8828828828828829,0.05405405405405406
1.0,1.9395249060663942,0.2,3,1.5470110971794153,0.8288288288288288,0.8828828828828829,0.05405405405405406
1.0,1.9395249060663942,0.2,4,1.5355991056278169,0.8288288288288288,0.8828828828828829,0.05405405405405406
1.0,4.393201249676782,0.05,0,1.0,0.8288288288288288,0.8828828828828829,0.05405405405405406
1.0,4.393201249676782,0.05,1,1.0,0.8288288288288288,0.8828828828828829,0.05405405405405406
1.0,4.393201249676782,0.05,2,1.0,0.8288288288288288,0.8828828828828829,0.05405405405405406
1.0,4.393201249676782,0.05,3,1.0,0.8288288288288288,0.8828828828828829,0.05405405405405406
1.0,4.393201249676782,0.05,4,1.0,0.8288288288288288,0.8828828828828829,0.05405405405405406
1.0,4.393201249676782,0.2,0,1.0,0.8288288288288288,0.8828828828828829,0.05405405405405406
1.0,4.393201249676782,0.2,1,1.0,0.8288288288288288,0.8828828828828829,0.05405405405405406
1.0,4.393201249676782,0.2,2,1.0,0.8288288288288288,0.8828828828828829,0.05405405405405406
1.0,4.393201249676782,0.2,3,1.0,0.8288288288288288,0.8828828828828829,0.05405405405405406
1.0,4.393201249676782,0.2,4,1.0,0.8288288288288288,0.8828828828828829,0.05405405405405406
