split,method,ref,seeds,n_mx,gain_hull,gain_hull_lo,gain_hull_hi,ref_gain_hull,diff,diff_seed_ci,diff_lo,diff_hi
S1,unified,subset_id,3,21,-0.0043,-0.019,-0.001,-0.0024,-0.0019,0.0082,-0.0062,0.0042
S1,unified,gbdt_feats,3,21,-0.0043,-0.019,-0.001,-0.0038,-0.0005,0.0353,-0.0132,0.0116
S1,unified,nm_hier_prior,3,21,-0.0043,-0.019,-0.001,0.0036,-0.008,0.0075,-0.0151,0.0006
S1,unified_oracle,subset_id,3,21,-0.0038,-0.018,-0.0,-0.0024,-0.0013,0.0069,-0.0055,0.0036
S1,unified_oracle,gbdt_feats,3,21,-0.0038,-0.018,-0.0,-0.0038,0.0001,0.0324,-0.0125,0.0122
S1,unified_oracle,nm_hier_prior,3,21,-0.0038,-0.018,-0.0,0.0036,-0.0074,0.0052,-0.0149,0.0012
S1cv,unified,subset_id,5,17,-0.0064,-0.011,-0.001,-0.0066,0.0002,0.0029,-0.0032,0.004
S1cv,unified,nm_hier_prior,5,17,-0.0064,-0.011,-0.001,-0.003,-0.0034,0.0046,-0.0085,0.0014
S1cv,unified,nm_llp,5,17,-0.0064,-0.011,-0.001,-0.0026,-0.0038,0.0052,-0.0087,0.001
S2,unified,subset_id,1,21,-0.1642,-0.174,-0.16,-0.2357,0.0715,,0.0623,0.08
S2,unified,nm_hier_prior,1,21,-0.1642,-0.174,-0.16,-0.1729,0.0087,,0.0037,0.0141
S3_K0,unified,subset_id,1,21,-0.0523,-0.075,-0.048,-0.0731,0.0208,,0.01,0.04
S3_K0,unified,nm_hier_prior,1,21,-0.0523,-0.075,-0.048,-0.0289,-0.0234,,-0.0317,-0.01
S3_K0,unified,nm_llp,1,21,-0.0523,-0.075,-0.048,-0.0304,-0.0219,,-0.03,-0.0116
S3_K0,unified_noagg,subset_id,1,21,-0.0517,-0.07,-0.047,-0.0731,0.0214,,0.0155,0.0414
S3_K0,unified_noagg,nm_hier_prior,1,21,-0.0517,-0.07,-0.047,-0.0289,-0.0228,,-0.0286,-0.0056
S3_K0,unified_noagg,nm_llp,1,21,-0.0517,-0.07,-0.047,-0.0304,-0.0213,,-0.0289,-0.0043
S3_K0,unified_rev,subset_id,1,21,-0.0523,-0.075,-0.048,-0.0731,0.0208,,0.01,0.04
S3_K0,unified_rev,nm_hier_prior,1,21,-0.0523,-0.075,-0.048,-0.0289,-0.0234,,-0.0317,-0.01
S3_K0,unified_rev,nm_llp,1,21,-0.0523,-0.075,-0.048,-0.0304,-0.0219,,-0.03,-0.0116
S3_K25,unified,subset_id,1,21,-0.0051,-0.025,-0.002,-0.0096,0.0044,,0.0007,0.0086
S3_K25,unified,nm_hier_prior,1,21,-0.0051,-0.025,-0.002,0.0005,-0.0056,,-0.0136,0.0039
S3_K50,unified,subset_id,1,21,-0.0068,-0.027,-0.004,-0.0051,-0.0017,,-0.0127,0.0051
S3_K50,unified,nm_hier_prior,1,21,-0.0068,-0.027,-0.004,0.0028,-0.0096,,-0.0161,0.0003
S3_K100,unified,subset_id,1,21,-0.0014,-0.022,0.0,-0.0024,0.001,,-0.011,0.0055
S3_K100,unified,nm_hier_prior,1,21,-0.0014,-0.022,0.0,0.0046,-0.006,,-0.0142,0.0054
S5,unified,subset_id,1,11,-0.0256,-0.041,-0.026,-0.1785,0.1529,,0.1453,0.1634
S5,unified,nm_hier_prior,1,11,-0.0256,-0.041,-0.026,-0.0201,-0.0055,,-0.0126,-0.0019
S5,unified,nm_llp,1,11,-0.0256,-0.041,-0.026,-0.0208,-0.0047,,-0.0116,-0.0018
S5,unified_noagg,subset_id,1,11,-0.0205,-0.036,-0.021,-0.1785,0.158,,0.1527,0.1667
S5,unified_noagg,nm_hier_prior,1,11,-0.0205,-0.036,-0.021,-0.0201,-0.0005,,-0.0062,0.003
S5,unified_noagg,nm_llp,1,11,-0.0205,-0.036,-0.021,-0.0208,0.0003,,-0.0041,0.0015
