r,aiq_single,aiq_twostage,gain
0.5,0.6581598888905238,0.6581598888905238,0.0
0.525,0.6581598888905238,0.6596249890986617,0.0014651002081379483
0.55,0.6581598888905238,0.6640469074518869,0.005887018561363089
0.575,0.6581598888905238,0.669117179313536,0.01095729042301219
0.6,0.6581598888905238,0.6745196423853544,0.016359753494830653
0.625,0.6581598888905238,0.680933059453262,0.0227731705627382
0.65,0.6581598888905238,0.6880400017453526,0.029880112854828833
0.675,0.6581598888905238,0.695146541540649,0.03698665265012524
0.7,0.6581598888905238,0.7022524250620951,0.04409253617157127
0.725,0.6581598888905238,0.7093577582138959,0.051197869323372114
0.75,0.6581598888905238,0.7164626103586508,0.05830272146812698
0.775,0.6581598888905238,0.723584333600324,0.06542444470980024
0.8,0.6581598888905238,0.730744896031661,0.07258500714113725
0.825,0.6581598888905238,0.7379017909537079,0.0797419020631841
0.85,0.6581598888905238,0.7450799600219834,0.08692007113145961
0.875,0.6581598888905238,0.7522920225425586,0.09413213365203477
0.9,0.6581598888905238,0.7596798095987629,0.10151992070823912
0.925,0.6581598888905238,0.767125494807008,0.10896560591648419
0.95,0.6581598888905238,0.7746166229203073,0.11645673402978352
0.975,0.6581598888905238,0.7821394839303474,0.12397959503982359
1.0,0.6581598888905238,0.7900016844562905,0.1318417955657667
